Timestamp,Timestamp (ESP32)
2025-10-09 19:47:13,2025-10-09 19:47:13
2025-10-09 19:47:18,2025-10-09 19:47:18
2025-10-09 19:47:23,2025-10-09 19:47:23
2025-10-09 19:47:28,2025-10-09 19:47:28
2025-10-09 19:47:34,2025-10-09 19:47:33
2025-10-09 19:47:39,2025-10-09 19:47:38
2025-10-09 19:47:43,2025-10-09 19:47:38
2025-10-09 19:47:44,2025-10-09 19:47:44
2025-10-09 19:47:49,2025-10-09 19:47:49
2025-10-09 19:47:54,2025-10-09 19:47:54
2025-10-09 19:47:59,2025-10-09 19:47:59
2025-10-09 19:48:04,2025-10-09 19:48:04
2025-10-09 19:48:29,2025-10-09 19:48:28
2025-10-09 19:48:34,2025-10-09 19:48:33
2025-10-09 19:48:39,2025-10-09 19:48:38
2025-10-09 19:48:44,2025-10-09 19:48:43
2025-10-09 19:48:49,2025-10-09 19:48:49
2025-10-09 19:48:54,2025-10-09 19:48:54
2025-10-09 19:48:59,2025-10-09 19:48:59
2025-10-09 19:49:04,2025-10-09 19:49:04
2025-10-09 19:49:09,2025-10-09 19:49:09
2025-10-09 19:49:14,2025-10-09 19:49:14
2025-10-09 19:49:20,2025-10-09 19:49:19
2025-10-09 19:49:25,2025-10-09 19:49:24
2025-10-09 19:49:30,2025-10-09 19:49:29
2025-10-09 19:49:35,2025-10-09 19:49:34
2025-10-09 19:49:40,2025-10-09 19:49:39
2025-10-09 19:49:45,2025-10-09 19:49:45
2025-10-09 19:49:50,2025-10-09 19:49:50
2025-10-09 19:49:55,2025-10-09 19:49:55
2025-10-09 19:50:00,2025-10-09 19:50:00
2025-10-09 19:50:05,2025-10-09 19:50:05
2025-10-09 19:50:10,2025-10-09 19:50:10
2025-10-09 19:50:16,2025-10-09 19:50:15
2025-10-09 19:50:21,2025-10-09 19:50:20
2025-10-09 19:50:26,2025-10-09 19:50:25
2025-10-09 19:50:31,2025-10-09 19:50:30
2025-10-09 19:50:36,2025-10-09 19:50:35
2025-10-09 19:50:41,2025-10-09 19:50:41
2025-10-09 19:50:46,2025-10-09 19:50:46
2025-10-09 19:50:51,2025-10-09 19:50:51
2025-10-09 19:50:56,2025-10-09 19:50:56
2025-10-09 19:51:01,2025-10-09 19:51:01
2025-10-09 19:51:06,2025-10-09 19:51:06
2025-10-09 19:51:12,2025-10-09 19:51:11
2025-10-09 19:51:17,2025-10-09 19:51:16
2025-10-09 19:51:22,2025-10-09 19:51:21
2025-10-09 19:51:27,2025-10-09 19:51:26
2025-10-09 19:51:32,2025-10-09 19:51:31
2025-10-09 19:51:37,2025-10-09 19:51:37
2025-10-09 19:51:42,2025-10-09 19:51:42
2025-10-09 19:51:47,2025-10-09 19:51:47
2025-10-09 19:51:52,2025-10-09 19:51:52
2025-10-09 19:51:57,2025-10-09 19:51:57
2025-10-09 19:52:02,2025-10-09 19:52:02
2025-10-09 19:52:07,2025-10-09 19:52:07
2025-10-09 19:52:13,2025-10-09 19:52:12
2025-10-09 19:52:18,2025-10-09 19:52:17
2025-10-09 19:52:23,2025-10-09 19:52:22
2025-10-09 19:52:28,2025-10-09 19:52:27
2025-10-09 19:52:33,2025-10-09 19:52:33
2025-10-09 19:52:39,2025-10-09 19:52:38
2025-10-09 19:54:18,
2025-10-09 19:54:28,
2025-10-09 19:54:42,
2025-10-09 19:54:44,
2025-10-09 19:54:44,
2025-10-09 19:54:44,
2025-10-09 19:54:49,
2025-10-09 19:54:54,
2025-10-09 19:55:00,
2025-10-09 19:55:05,
2025-10-09 19:55:16,
2025-10-09 19:55:17,
2025-10-09 19:55:19,
2025-10-09 19:55:21,
2025-10-09 19:55:26,
2025-10-09 19:55:32,
2025-10-09 19:55:37,
2025-10-09 19:55:42,
2025-10-09 19:55:47,
2025-10-09 19:55:54,
2025-10-09 19:56:06,
2025-10-09 19:56:06,
2025-10-09 19:56:08,
2025-10-09 19:56:21,
2025-10-09 19:56:22,
2025-10-09 19:56:23,
2025-10-09 19:56:23,
2025-10-09 19:56:26,
2025-10-09 19:56:29,
2025-10-09 19:56:30,
2025-10-09 19:56:30,
2025-10-09 19:56:34,
2025-10-09 19:56:40,
2025-10-09 19:56:45,
2025-10-09 19:56:50,
2025-10-09 19:56:56,
2025-10-09 19:57:01,
2025-10-09 19:57:06,
2025-10-09 19:57:12,
2025-10-09 19:57:18,
2025-10-09 19:57:31,
2025-10-09 19:57:32,
2025-10-09 19:57:34,
2025-10-09 19:57:37,
2025-10-09 19:57:43,
2025-10-09 19:57:48,
2025-10-09 19:57:53,
2025-10-09 19:57:59,
2025-10-09 19:58:04,
2025-10-09 19:58:09,
2025-10-09 19:58:14,
2025-10-09 19:58:20,
2025-10-09 19:58:25,
2025-10-09 19:58:30,
2025-10-09 19:58:36,
2025-10-09 19:59:16,
2025-10-09 19:59:26,
2025-10-09 19:59:28,
2025-10-09 19:59:33,
2025-10-09 19:59:35,
2025-10-09 20:00:12,
2025-10-09 20:00:13,
2025-10-09 20:00:14,
2025-10-09 20:00:14,
2025-10-09 20:00:19,
2025-10-09 20:00:19,
2025-10-09 20:00:26,
2025-10-09 20:00:30,
2025-10-09 20:00:30,
2025-10-09 20:05:46,2025-10-09 20:05:46
2025-10-09 20:05:51,2025-10-09 20:05:51
2025-10-09 20:05:56,2025-10-09 20:05:56
2025-10-09 20:06:01,2025-10-09 20:06:01
2025-10-09 20:06:07,2025-10-09 20:06:06
2025-10-09 20:06:12,2025-10-09 20:06:12
2025-10-09 20:06:17,2025-10-09 20:06:17
2025-10-09 20:06:22,2025-10-09 20:06:22
2025-10-09 20:06:27,2025-10-09 20:06:27
2025-10-09 20:06:32,2025-10-09 20:06:32
2025-10-09 20:06:37,2025-10-09 20:06:37
2025-10-09 20:06:42,2025-10-09 20:06:42
2025-10-09 20:06:47,2025-10-09 20:06:47
2025-10-09 20:06:53,2025-10-09 20:06:52
2025-10-09 20:06:57,2025-10-09 20:06:57
2025-10-09 20:07:03,2025-10-09 20:07:02
2025-10-09 20:07:08,2025-10-09 20:07:08
2025-10-09 20:07:13,2025-10-09 20:07:13
2025-10-09 20:07:17,2025-10-09 20:07:13
2025-10-09 20:07:18,2025-10-09 20:07:18
2025-10-09 20:07:20,2025-10-09 20:07:18
2025-10-09 20:07:23,2025-10-09 20:07:23
2025-10-09 20:07:28,2025-10-09 20:07:28
2025-10-09 20:07:33,2025-10-09 20:07:33
2025-10-09 20:07:38,2025-10-09 20:07:38
2025-10-09 20:07:43,2025-10-09 20:07:43
2025-10-09 20:07:48,2025-10-09 20:07:48
2025-10-09 20:07:53,2025-10-09 20:07:53
2025-10-09 20:07:59,2025-10-09 20:07:58
2025-10-09 20:08:04,2025-10-09 20:08:04
2025-10-09 20:08:06,2025-10-09 20:08:04
2025-10-09 20:08:09,2025-10-09 20:08:09
2025-10-09 20:08:14,2025-10-09 20:08:14
2025-10-09 20:08:19,2025-10-09 20:08:19
2025-10-09 20:08:24,2025-10-09 20:08:24
2025-10-09 20:08:29,2025-10-09 20:08:29
2025-10-09 20:08:34,2025-10-09 20:08:34
2025-10-09 20:08:39,2025-10-09 20:08:39
2025-10-09 20:08:44,2025-10-09 20:08:44
2025-10-09 20:08:49,2025-10-09 20:08:49
2025-10-09 20:08:54,2025-10-09 20:08:49
2025-10-09 20:08:55,2025-10-09 20:08:54
2025-10-09 20:09:00,2025-10-09 20:09:00
2025-10-09 20:09:08,2025-10-09 20:09:05
2025-10-09 20:09:09,2025-10-09 20:09:00
2025-10-09 20:09:18,2025-10-09 20:09:10
2025-10-09 20:09:29,2025-10-09 20:09:10
2025-10-09 20:09:30,2025-10-09 20:09:20
2025-10-09 20:09:34,2025-10-09 20:09:34
2025-10-09 20:09:37,2025-10-09 20:09:34
2025-10-09 20:09:39,2025-10-09 20:09:39
2025-10-09 20:09:41,2025-10-09 20:09:39
2025-10-09 20:09:44,2025-10-09 20:09:44
2025-10-09 20:09:51,2025-10-09 20:09:44
2025-10-09 20:09:51,2025-10-09 20:09:44
2025-10-09 20:09:57,2025-10-09 20:09:44
2025-10-09 20:10:01,2025-10-09 20:09:59
2025-10-09 20:10:01,2025-10-09 20:09:49
2025-10-09 20:10:07,2025-10-09 20:09:59
2025-10-09 20:10:13,2025-10-09 20:09:59
2025-10-09 20:10:14,2025-10-09 20:10:10
2025-10-09 20:10:15,2025-10-09 20:09:59
2025-10-09 20:10:17,2025-10-09 20:09:59
2025-10-09 20:10:17,2025-10-09 20:09:59
2025-10-09 20:10:17,2025-10-09 20:09:59
2025-10-09 20:10:18,2025-10-09 20:09:59
2025-10-09 20:10:19,2025-10-09 20:10:18
2025-10-09 20:10:20,2025-10-09 20:10:18
2025-10-09 20:10:23,2025-10-09 20:10:23
2025-10-09 20:10:26,2025-10-09 20:10:23
2025-10-09 20:10:26,2025-10-09 20:10:23
2025-10-09 20:10:28,2025-10-09 20:10:28
2025-10-09 20:10:34,2025-10-09 20:10:33
2025-10-09 20:10:39,2025-10-09 20:10:33
2025-10-09 20:10:44,2025-10-09 20:10:44
2025-10-09 20:10:46,2025-10-09 20:10:44
2025-10-09 20:10:49,2025-10-09 20:10:49
2025-10-09 20:10:54,2025-10-09 20:10:54
2025-10-09 20:10:59,2025-10-09 20:10:59
2025-10-09 20:11:04,2025-10-09 20:11:04
2025-10-09 20:11:09,2025-10-09 20:11:09
2025-10-09 20:56:49,2025-10-09 20:56:49
2025-10-09 20:56:55,2025-10-09 20:56:54
2025-10-09 20:57:00,2025-10-09 20:57:00
2025-10-09 20:57:05,2025-10-09 20:57:05
2025-10-09 20:57:10,2025-10-09 20:57:10
2025-10-09 20:57:15,2025-10-09 20:57:15
2025-10-09 20:57:20,2025-10-09 20:57:20
2025-10-09 20:57:25,2025-10-09 20:57:25
2025-10-09 20:57:30,2025-10-09 20:57:30
2025-10-09 20:57:35,2025-10-09 20:57:35
2025-10-09 20:57:40,2025-10-09 20:57:40
2025-10-09 20:57:45,2025-10-09 20:57:45
2025-10-09 20:57:51,2025-10-09 20:57:50
2025-10-09 20:57:56,2025-10-09 20:57:55
2025-10-09 20:58:01,2025-10-09 20:58:01
2025-10-09 20:58:06,2025-10-09 20:58:06
2025-10-09 20:58:11,2025-10-09 20:58:11
2025-10-09 20:58:16,2025-10-09 20:58:16
2025-10-09 20:58:21,2025-10-09 20:58:21
2025-10-09 20:58:26,2025-10-09 20:58:26
2025-10-09 20:58:31,2025-10-09 20:58:31
2025-10-09 20:58:36,2025-10-09 20:58:36
2025-10-09 20:58:41,2025-10-09 20:58:41
2025-10-09 20:58:47,2025-10-09 20:58:46
2025-10-09 20:58:52,2025-10-09 20:58:51
2025-10-09 20:58:57,2025-10-09 20:58:57
2025-10-09 20:59:02,2025-10-09 20:59:02
2025-10-09 20:59:07,2025-10-09 20:59:07
2025-10-09 20:59:12,2025-10-09 20:59:12
2025-10-09 20:59:17,2025-10-09 20:59:17
2025-10-09 20:59:22,2025-10-09 20:59:22
2025-10-09 20:59:27,2025-10-09 20:59:27
2025-10-09 20:59:32,2025-10-09 20:59:32
2025-10-09 20:59:37,2025-10-09 20:59:37
2025-10-09 20:59:43,2025-10-09 20:59:42
2025-10-09 20:59:48,2025-10-09 20:59:47
2025-10-09 20:59:53,2025-10-09 20:59:53
2025-10-09 20:59:58,2025-10-09 20:59:58
2025-10-09 21:00:03,2025-10-09 21:00:03
2025-10-09 21:00:08,2025-10-09 21:00:08
2025-10-09 21:00:13,2025-10-09 21:00:13
2025-10-09 21:00:18,2025-10-09 21:00:18
2025-10-09 21:00:23,2025-10-09 21:00:23
2025-10-09 21:00:28,2025-10-09 21:00:28
2025-10-09 21:00:33,2025-10-09 21:00:33
2025-10-09 21:00:39,2025-10-09 21:00:38
2025-10-09 21:00:44,2025-10-09 21:00:43
2025-10-09 21:00:49,2025-10-09 21:00:49
2025-10-09 21:00:54,2025-10-09 21:00:54
2025-10-09 21:00:59,2025-10-09 21:00:59
2025-10-09 21:01:04,2025-10-09 21:01:04
2025-10-09 21:01:09,2025-10-09 21:01:09
2025-10-09 21:01:14,2025-10-09 21:01:14
2025-10-09 21:01:19,2025-10-09 21:01:19
2025-10-09 21:01:24,2025-10-09 21:01:24
2025-10-09 21:01:29,2025-10-09 21:01:29
2025-10-09 21:01:31,2025-10-09 21:01:29
2025-10-09 21:01:35,2025-10-09 21:01:34
2025-10-09 21:01:40,2025-10-09 21:01:39
2025-10-09 21:01:45,2025-10-09 21:01:45
2025-10-09 21:01:50,2025-10-09 21:01:50
2025-10-09 21:01:55,2025-10-09 21:01:55
2025-10-09 21:02:00,2025-10-09 21:02:00
2025-10-09 21:02:05,2025-10-09 21:02:05
2025-10-09 21:02:10,2025-10-09 21:02:10
2025-10-09 21:02:15,2025-10-09 21:02:15
2025-10-09 21:02:20,2025-10-09 21:02:20
2025-10-09 21:02:25,2025-10-09 21:02:25
2025-10-09 21:02:31,2025-10-09 21:02:30
2025-10-09 21:02:36,2025-10-09 21:02:35
2025-10-09 21:02:41,2025-10-09 21:02:41
2025-10-09 21:02:46,2025-10-09 21:02:46
2025-10-09 21:02:51,2025-10-09 21:02:51
2025-10-09 21:02:56,2025-10-09 21:02:56
2025-10-09 21:03:01,2025-10-09 21:03:01
2025-10-09 21:03:06,2025-10-09 21:03:06
2025-10-09 21:03:11,2025-10-09 21:03:11
2025-10-09 21:03:16,2025-10-09 21:03:16
2025-10-09 21:03:21,2025-10-09 21:03:21
2025-10-09 21:03:27,2025-10-09 21:03:26
2025-10-09 21:03:32,2025-10-09 21:03:31
2025-10-09 21:03:37,2025-10-09 21:03:37
2025-10-09 21:03:42,2025-10-09 21:03:42
2025-10-09 21:03:47,2025-10-09 21:03:47
2025-10-09 21:03:52,2025-10-09 21:03:52
2025-10-09 21:03:57,2025-10-09 21:03:57
2025-10-09 21:04:02,2025-10-09 21:04:02
2025-10-09 21:04:07,2025-10-09 21:04:07
2025-10-09 21:04:12,2025-10-09 21:04:12
2025-10-09 21:04:17,2025-10-09 21:04:17
2025-10-09 21:04:22,2025-10-09 21:04:22
2025-10-09 21:04:28,2025-10-09 21:04:27
2025-10-09 21:04:33,2025-10-09 21:04:33
2025-10-09 21:04:38,2025-10-09 21:04:38
2025-10-09 21:04:43,2025-10-09 21:04:43
2025-10-09 21:04:48,2025-10-09 21:04:48
2025-10-09 21:04:53,2025-10-09 21:04:53
2025-10-09 21:04:58,2025-10-09 21:04:58
2025-10-09 21:05:03,2025-10-09 21:05:03
2025-10-09 21:05:08,2025-10-09 21:05:08
2025-10-09 21:05:13,2025-10-09 21:05:13
2025-10-09 21:05:18,2025-10-09 21:05:18
2025-10-09 21:05:24,2025-10-09 21:05:23
2025-10-09 21:05:29,2025-10-09 21:05:29
2025-10-09 21:05:34,2025-10-09 21:05:34
2025-10-09 21:05:39,2025-10-09 21:05:39
2025-10-09 21:05:44,2025-10-09 21:05:44
2025-10-09 21:05:49,2025-10-09 21:05:49
2025-10-09 21:05:54,2025-10-09 21:05:54
2025-10-09 21:05:59,2025-10-09 21:05:59
2025-10-09 21:06:04,2025-10-09 21:06:04
2025-10-09 21:06:09,2025-10-09 21:06:09
2025-10-09 21:06:14,2025-10-09 21:06:14
2025-10-09 21:06:20,2025-10-09 21:06:19
2025-10-09 21:06:25,2025-10-09 21:06:24
2025-10-09 21:06:30,2025-10-09 21:06:30
2025-10-09 21:06:35,2025-10-09 21:06:35
2025-10-09 21:06:40,2025-10-09 21:06:40
2025-10-09 21:06:45,2025-10-09 21:06:45
2025-10-09 21:06:50,2025-10-09 21:06:50
2025-10-09 21:06:55,2025-10-09 21:06:55
2025-10-09 21:07:00,2025-10-09 21:07:00
2025-10-09 21:07:05,2025-10-09 21:07:05
2025-10-09 21:07:10,2025-10-09 21:07:10
2025-10-09 21:07:16,2025-10-09 21:07:15
2025-10-09 21:07:21,2025-10-09 21:07:20
2025-10-09 21:07:26,2025-10-09 21:07:26
2025-10-09 21:07:31,2025-10-09 21:07:31
2025-10-09 21:07:36,2025-10-09 21:07:36
2025-10-09 21:07:41,2025-10-09 21:07:41
2025-10-09 21:07:46,2025-10-09 21:07:46
2025-10-09 21:07:51,2025-10-09 21:07:51
2025-10-09 21:07:56,2025-10-09 21:07:56
2025-10-09 21:08:01,2025-10-09 21:08:01
2025-10-09 21:08:06,2025-10-09 21:08:06
2025-10-09 21:08:12,2025-10-09 21:08:11
2025-10-09 21:08:17,2025-10-09 21:08:16
2025-10-09 21:08:22,2025-10-09 21:08:22
2025-10-09 21:08:27,2025-10-09 21:08:27
2025-10-09 21:08:32,2025-10-09 21:08:32
2025-10-09 21:08:37,2025-10-09 21:08:37
2025-10-09 21:08:42,2025-10-09 21:08:42
2025-10-09 21:08:47,2025-10-09 21:08:47
2025-10-09 21:08:52,2025-10-09 21:08:52
2025-10-09 21:08:57,2025-10-09 21:08:57
2025-10-09 21:09:02,2025-10-09 21:09:02
2025-10-09 21:09:08,2025-10-09 21:09:07
2025-10-09 21:09:13,2025-10-09 21:09:12
2025-10-09 21:09:18,2025-10-09 21:09:18
2025-10-09 21:09:23,2025-10-09 21:09:23
2025-10-09 21:09:28,2025-10-09 21:09:28
2025-10-09 21:09:33,2025-10-09 21:09:33
2025-10-09 21:09:38,2025-10-09 21:09:38
2025-10-09 21:09:43,2025-10-09 21:09:43
2025-10-09 21:09:48,2025-10-09 21:09:48
2025-10-09 21:09:53,2025-10-09 21:09:53
2025-10-09 21:09:58,2025-10-09 21:09:58
2025-10-09 21:10:04,2025-10-09 21:10:03
2025-10-09 21:10:09,2025-10-09 21:10:08
2025-10-09 21:10:14,2025-10-09 21:10:14
2025-10-09 21:10:19,2025-10-09 21:10:19
2025-10-09 21:10:24,2025-10-09 21:10:24
2025-10-09 21:10:29,2025-10-09 21:10:29
2025-10-09 21:10:34,2025-10-09 21:10:34
2025-10-09 21:10:39,2025-10-09 21:10:39
2025-10-09 21:10:44,2025-10-09 21:10:44
2025-10-09 21:10:49,2025-10-09 21:10:49
2025-10-09 21:10:54,2025-10-09 21:10:54
2025-10-09 21:11:00,2025-10-09 21:10:59
2025-10-09 21:11:05,2025-10-09 21:11:04
2025-10-09 21:11:10,2025-10-09 21:11:10
2025-10-09 21:11:15,2025-10-09 21:11:15
2025-10-09 21:11:20,2025-10-09 21:11:20
2025-10-09 21:11:25,2025-10-09 21:11:25
2025-10-09 21:11:30,2025-10-09 21:11:30
2025-10-09 21:11:35,2025-10-09 21:11:35
2025-10-09 21:11:40,2025-10-09 21:11:40
2025-10-09 21:11:45,2025-10-09 21:11:45
2025-10-09 21:11:50,2025-10-09 21:11:50
2025-10-09 21:11:55,2025-10-09 21:11:55
2025-10-09 21:12:01,2025-10-09 21:12:00
2025-10-09 21:12:06,2025-10-09 21:12:06
2025-10-09 21:12:11,2025-10-09 21:12:11
2025-10-09 21:12:16,2025-10-09 21:12:16
2025-10-09 21:12:21,2025-10-09 21:12:21
2025-10-09 21:12:26,2025-10-09 21:12:26
2025-10-09 21:12:31,2025-10-09 21:12:31
2025-10-09 21:12:36,2025-10-09 21:12:36
2025-10-09 21:12:41,2025-10-09 21:12:41
2025-10-09 21:12:46,2025-10-09 21:12:46
2025-10-09 21:12:51,2025-10-09 21:12:51
2025-10-09 21:12:57,2025-10-09 21:12:56
2025-10-09 21:13:02,2025-10-09 21:13:02
2025-10-09 21:13:07,2025-10-09 21:13:07
2025-10-09 21:13:12,2025-10-09 21:13:12
2025-10-09 21:13:17,2025-10-09 21:13:17
2025-10-09 21:13:22,2025-10-09 21:13:22
2025-10-09 21:13:27,2025-10-09 21:13:27
2025-10-09 21:13:32,2025-10-09 21:13:32
2025-10-09 21:13:37,2025-10-09 21:13:37
2025-10-09 21:13:42,2025-10-09 21:13:42
2025-10-09 21:13:47,2025-10-09 21:13:47
2025-10-09 21:13:53,2025-10-09 21:13:52
2025-10-09 21:13:58,2025-10-09 21:13:58
2025-10-09 21:14:03,2025-10-09 21:14:03
2025-10-09 21:14:08,2025-10-09 21:14:08
2025-10-09 21:14:13,2025-10-09 21:14:13
2025-10-09 21:14:18,2025-10-09 21:14:18
2025-10-09 21:14:23,2025-10-09 21:14:23
2025-10-09 21:14:28,2025-10-09 21:14:28
2025-10-09 21:14:33,2025-10-09 21:14:33
2025-10-09 21:14:38,2025-10-09 21:14:38
2025-10-09 21:14:43,2025-10-09 21:14:43
2025-10-09 21:14:49,2025-10-09 21:14:48
2025-10-09 21:14:54,2025-10-09 21:14:53
2025-10-09 21:14:59,2025-10-09 21:14:59
2025-10-09 21:15:04,2025-10-09 21:15:04
2025-10-09 21:15:09,2025-10-09 21:15:09
2025-10-09 21:15:14,2025-10-09 21:15:14
2025-10-09 21:15:19,2025-10-09 21:15:19
2025-10-09 21:15:24,2025-10-09 21:15:24
2025-10-09 21:15:29,2025-10-09 21:15:29
2025-10-09 21:15:34,2025-10-09 21:15:34
2025-10-09 21:15:39,2025-10-09 21:15:39
2025-10-09 21:15:45,2025-10-09 21:15:44
2025-10-09 21:15:50,2025-10-09 21:15:49
2025-10-09 21:15:55,2025-10-09 21:15:55
2025-10-09 21:16:00,2025-10-09 21:16:00
2025-10-09 21:16:05,2025-10-09 21:16:05
2025-10-09 21:16:10,2025-10-09 21:16:10
2025-10-09 21:16:15,2025-10-09 21:16:15
2025-10-09 21:16:20,2025-10-09 21:16:20
2025-10-09 21:16:25,2025-10-09 21:16:25
2025-10-09 21:16:30,2025-10-09 21:16:30
2025-10-09 21:16:35,2025-10-09 21:16:35
2025-10-09 21:16:41,2025-10-09 21:16:40
2025-10-09 21:16:46,2025-10-09 21:16:45
2025-10-09 21:16:51,2025-10-09 21:16:51
2025-10-09 21:16:56,2025-10-09 21:16:56
2025-10-09 21:17:01,2025-10-09 21:17:01
2025-10-09 21:17:06,2025-10-09 21:17:06
2025-10-09 21:17:11,2025-10-09 21:17:11
2025-10-09 21:17:16,2025-10-09 21:17:16
2025-10-09 21:17:21,2025-10-09 21:17:21
2025-10-09 21:17:26,2025-10-09 21:17:26
2025-10-09 21:17:31,2025-10-09 21:17:31
2025-10-09 21:17:37,2025-10-09 21:17:36
2025-10-09 21:17:42,2025-10-09 21:17:41
2025-10-09 21:17:47,2025-10-09 21:17:47
2025-10-09 21:17:52,2025-10-09 21:17:52
2025-10-09 21:17:57,2025-10-09 21:17:57
2025-10-09 21:18:02,2025-10-09 21:18:02
2025-10-09 21:18:07,2025-10-09 21:18:07
2025-10-09 21:18:12,2025-10-09 21:18:12
2025-10-09 21:18:17,2025-10-09 21:18:17
2025-10-09 21:18:22,2025-10-09 21:18:22
2025-10-09 21:18:27,2025-10-09 21:18:27
2025-10-09 21:18:32,2025-10-09 21:18:32
2025-10-09 21:18:38,2025-10-09 21:18:37
2025-10-09 21:18:43,2025-10-09 21:18:43
2025-10-09 21:18:48,2025-10-09 21:18:48
2025-10-09 21:18:53,2025-10-09 21:18:53
2025-10-09 21:18:58,2025-10-09 21:18:58
2025-10-09 21:19:03,2025-10-09 21:19:03
2025-10-09 21:19:08,2025-10-09 21:19:08
2025-10-09 21:19:13,2025-10-09 21:19:13
2025-10-09 21:19:18,2025-10-09 21:19:18
2025-10-09 21:19:23,2025-10-09 21:19:23
2025-10-09 21:19:28,2025-10-09 21:19:28
2025-10-09 21:19:34,2025-10-09 21:19:33
2025-10-09 21:19:39,2025-10-09 21:19:39
2025-10-09 21:19:44,2025-10-09 21:19:44
2025-10-09 21:19:49,2025-10-09 21:19:49
2025-10-09 21:19:54,2025-10-09 21:19:54
2025-10-09 21:19:59,2025-10-09 21:19:59
2025-10-09 21:20:04,2025-10-09 21:20:04
2025-10-09 21:20:09,2025-10-09 21:20:09
2025-10-09 21:20:14,2025-10-09 21:20:14
2025-10-09 21:20:19,2025-10-09 21:20:19
2025-10-09 21:20:24,2025-10-09 21:20:24
2025-10-09 21:20:30,2025-10-09 21:20:29
2025-10-09 21:20:35,2025-10-09 21:20:35
2025-10-09 21:20:40,2025-10-09 21:20:40
2025-10-09 21:20:45,2025-10-09 21:20:45
2025-10-09 21:20:50,2025-10-09 21:20:50
2025-10-09 21:20:55,2025-10-09 21:20:55
2025-10-09 21:21:00,2025-10-09 21:21:00
2025-10-09 21:21:05,2025-10-09 21:21:05
2025-10-09 21:21:10,2025-10-09 21:21:10
2025-10-09 21:21:15,2025-10-09 21:21:15
2025-10-09 21:21:20,2025-10-09 21:21:20
2025-10-09 21:21:26,2025-10-09 21:21:25
2025-10-09 21:21:31,2025-10-09 21:21:31
2025-10-09 21:21:36,2025-10-09 21:21:36
2025-10-09 21:21:41,2025-10-09 21:21:41
2025-10-09 21:21:46,2025-10-09 21:21:46
2025-10-09 21:21:51,2025-10-09 21:21:51
2025-10-09 21:21:56,2025-10-09 21:21:56
2025-10-09 21:22:01,2025-10-09 21:22:01
2025-10-09 21:22:06,2025-10-09 21:22:06
2025-10-09 21:22:11,2025-10-09 21:22:11
2025-10-09 21:22:17,2025-10-09 21:22:16
2025-10-09 21:22:22,2025-10-09 21:22:21
2025-10-09 21:22:27,2025-10-09 21:22:27
2025-10-09 21:22:32,2025-10-09 21:22:32
2025-10-09 21:22:37,2025-10-09 21:22:37
2025-10-09 21:22:42,2025-10-09 21:22:42
2025-10-09 21:22:47,2025-10-09 21:22:47
2025-10-09 21:22:52,2025-10-09 21:22:52
2025-10-09 21:22:57,2025-10-09 21:22:57
2025-10-09 21:23:02,2025-10-09 21:23:02
2025-10-09 21:23:07,2025-10-09 21:23:07
2025-10-09 21:23:12,2025-10-09 21:23:12
2025-10-09 21:23:18,2025-10-09 21:23:17
2025-10-09 21:23:23,2025-10-09 21:23:22
2025-10-09 21:23:28,2025-10-09 21:23:28
2025-10-09 21:23:33,2025-10-09 21:23:33
2025-10-09 21:23:38,2025-10-09 21:23:38
2025-10-09 21:23:43,2025-10-09 21:23:43
2025-10-09 21:23:48,2025-10-09 21:23:48
2025-10-09 21:23:53,2025-10-09 21:23:53
2025-10-09 21:23:58,2025-10-09 21:23:58
2025-10-09 21:24:03,2025-10-09 21:24:03
2025-10-09 21:24:08,2025-10-09 21:24:08
2025-10-09 21:24:14,2025-10-09 21:24:13
2025-10-09 21:24:19,2025-10-09 21:24:18
2025-10-09 21:24:24,2025-10-09 21:24:24
2025-10-09 21:24:29,2025-10-09 21:24:29
2025-10-09 21:24:34,2025-10-09 21:24:34
2025-10-09 21:24:39,2025-10-09 21:24:39
2025-10-09 21:24:44,2025-10-09 21:24:44
2025-10-09 21:24:49,2025-10-09 21:24:49
2025-10-09 21:24:54,2025-10-09 21:24:54
2025-10-09 21:24:59,2025-10-09 21:24:59
2025-10-09 21:25:04,2025-10-09 21:25:04
2025-10-09 21:25:10,2025-10-09 21:25:09
2025-10-09 21:25:15,2025-10-09 21:25:14
2025-10-09 21:25:20,2025-10-09 21:25:20
2025-10-09 21:25:25,2025-10-09 21:25:25
2025-10-09 21:25:30,2025-10-09 21:25:30
2025-10-09 21:25:35,2025-10-09 21:25:35
2025-10-09 21:25:40,2025-10-09 21:25:40
2025-10-09 21:25:45,2025-10-09 21:25:45
2025-10-09 21:25:50,2025-10-09 21:25:50
2025-10-09 21:25:55,2025-10-09 21:25:55
2025-10-09 21:26:00,2025-10-09 21:26:00
2025-10-09 21:26:05,2025-10-09 21:26:05
2025-10-09 21:26:11,2025-10-09 21:26:10
2025-10-09 21:26:16,2025-10-09 21:26:16
2025-10-09 21:26:21,2025-10-09 21:26:21
2025-10-09 21:26:26,2025-10-09 21:26:26
2025-10-09 21:26:31,2025-10-09 21:26:31
2025-10-09 21:26:36,2025-10-09 21:26:36
2025-10-09 21:26:41,2025-10-09 21:26:41
2025-10-09 21:26:46,2025-10-09 21:26:46
2025-10-09 21:26:51,2025-10-09 21:26:51
2025-10-09 21:26:56,2025-10-09 21:26:56
2025-10-09 21:27:01,2025-10-09 21:27:01
2025-10-09 21:27:07,2025-10-09 21:27:06
2025-10-09 21:27:12,2025-10-09 21:27:12
2025-10-09 21:27:17,2025-10-09 21:27:17
2025-10-09 21:27:22,2025-10-09 21:27:22
2025-10-09 21:27:27,2025-10-09 21:27:27
2025-10-09 21:27:32,2025-10-09 21:27:32
2025-10-09 21:27:37,2025-10-09 21:27:37
2025-10-09 21:27:42,2025-10-09 21:27:42
2025-10-09 21:27:47,2025-10-09 21:27:47
2025-10-09 21:27:52,2025-10-09 21:27:52
2025-10-09 21:27:57,2025-10-09 21:27:57
2025-10-09 21:28:03,2025-10-09 21:28:02
2025-10-09 21:28:08,2025-10-09 21:28:08
2025-10-09 21:28:13,2025-10-09 21:28:13
2025-10-09 21:28:18,2025-10-09 21:28:18
2025-10-09 21:28:23,2025-10-09 21:28:23
2025-10-09 21:28:28,2025-10-09 21:28:28
2025-10-09 21:28:33,2025-10-09 21:28:33
2025-10-09 21:28:38,2025-10-09 21:28:38
2025-10-09 21:28:43,2025-10-09 21:28:43
2025-10-09 21:28:48,2025-10-09 21:28:48
2025-10-09 21:28:53,2025-10-09 21:28:53
2025-10-09 21:28:59,2025-10-09 21:28:58
2025-10-09 21:29:04,2025-10-09 21:29:04
2025-10-09 21:29:09,2025-10-09 21:29:09
2025-10-09 21:29:14,2025-10-09 21:29:14
2025-10-09 21:29:19,2025-10-09 21:29:19
2025-10-09 21:29:24,2025-10-09 21:29:24
2025-10-09 21:29:29,2025-10-09 21:29:29
2025-10-09 21:29:34,2025-10-09 21:29:34
2025-10-09 21:29:39,2025-10-09 21:29:39
2025-10-09 21:29:44,2025-10-09 21:29:44
2025-10-09 21:29:49,2025-10-09 21:29:49
2025-10-09 21:29:55,2025-10-09 21:29:54
2025-10-09 21:30:00,2025-10-09 21:30:00
2025-10-09 21:30:05,2025-10-09 21:30:05
2025-10-09 21:30:10,2025-10-09 21:30:10
2025-10-09 21:30:15,2025-10-09 21:30:15
2025-10-09 21:30:20,2025-10-09 21:30:20
2025-10-09 21:30:25,2025-10-09 21:30:25
2025-10-09 21:30:30,2025-10-09 21:30:30
2025-10-09 21:30:35,2025-10-09 21:30:35
2025-10-09 21:30:40,2025-10-09 21:30:40
2025-10-09 21:30:45,2025-10-09 21:30:45
2025-10-09 21:30:51,2025-10-09 21:30:50
2025-10-09 21:30:56,2025-10-09 21:30:56
2025-10-09 21:31:01,2025-10-09 21:31:01
2025-10-09 21:31:06,2025-10-09 21:31:06
2025-10-09 21:31:11,2025-10-09 21:31:11
2025-10-09 21:31:16,2025-10-09 21:31:16
2025-10-09 21:31:21,2025-10-09 21:31:21
2025-10-09 21:31:26,2025-10-09 21:31:26
2025-10-09 21:31:31,2025-10-09 21:31:31
2025-10-09 21:31:36,2025-10-09 21:31:36
2025-10-09 21:31:41,2025-10-09 21:31:41
2025-10-09 21:31:47,2025-10-09 21:31:46
2025-10-09 21:31:52,2025-10-09 21:31:51
2025-10-09 21:31:57,2025-10-09 21:31:57
2025-10-09 21:32:02,2025-10-09 21:32:02
2025-10-09 21:32:07,2025-10-09 21:32:07
2025-10-09 21:32:12,2025-10-09 21:32:12
2025-10-09 21:32:17,2025-10-09 21:32:17
2025-10-09 21:32:22,2025-10-09 21:32:22
2025-10-09 21:32:27,2025-10-09 21:32:27
2025-10-09 21:32:32,2025-10-09 21:32:32
2025-10-09 21:32:37,2025-10-09 21:32:37
2025-10-09 21:32:43,2025-10-09 21:32:42
2025-10-09 21:32:48,2025-10-09 21:32:47
2025-10-09 21:32:53,2025-10-09 21:32:53
2025-10-09 21:32:58,2025-10-09 21:32:58
2025-10-09 21:33:03,2025-10-09 21:33:03
2025-10-09 21:33:08,2025-10-09 21:33:08
2025-10-09 21:33:13,2025-10-09 21:33:13
2025-10-09 21:33:18,2025-10-09 21:33:18
2025-10-09 21:33:23,2025-10-09 21:33:23
2025-10-09 21:33:28,2025-10-09 21:33:28
2025-10-09 21:33:33,2025-10-09 21:33:33
2025-10-09 21:33:38,2025-10-09 21:33:38
2025-10-09 21:33:44,2025-10-09 21:33:43
2025-10-09 21:33:49,2025-10-09 21:33:49
2025-10-09 21:33:54,2025-10-09 21:33:54
2025-10-09 21:33:59,2025-10-09 21:33:59
2025-10-09 21:34:04,2025-10-09 21:34:04
2025-10-09 21:34:09,2025-10-09 21:34:09
2025-10-09 21:34:14,2025-10-09 21:34:14
2025-10-09 21:34:19,2025-10-09 21:34:19
2025-10-09 21:34:24,2025-10-09 21:34:24
2025-10-09 21:34:29,2025-10-09 21:34:29
2025-10-09 21:34:34,2025-10-09 21:34:34
2025-10-09 21:34:40,2025-10-09 21:34:39
2025-10-09 21:34:45,2025-10-09 21:34:45
2025-10-09 21:34:50,2025-10-09 21:34:50
2025-10-09 21:34:55,2025-10-09 21:34:55
2025-10-09 21:35:00,2025-10-09 21:35:00
2025-10-09 21:35:05,2025-10-09 21:35:05
2025-10-09 21:35:10,2025-10-09 21:35:10
2025-10-09 21:35:15,2025-10-09 21:35:15
2025-10-09 21:35:20,2025-10-09 21:35:20
2025-10-09 21:35:25,2025-10-09 21:35:25
2025-10-09 21:35:30,2025-10-09 21:35:30
2025-10-09 21:35:36,2025-10-09 21:35:35
2025-10-09 21:35:41,2025-10-09 21:35:41
2025-10-09 21:35:46,2025-10-09 21:35:46
2025-10-09 21:35:51,2025-10-09 21:35:51
2025-10-09 21:35:56,2025-10-09 21:35:56
2025-10-09 21:36:01,2025-10-09 21:36:01
2025-10-09 21:36:06,2025-10-09 21:36:06
2025-10-09 21:36:11,2025-10-09 21:36:11
2025-10-09 21:36:16,2025-10-09 21:36:16
2025-10-09 21:36:21,2025-10-09 21:36:21
2025-10-09 21:36:26,2025-10-09 21:36:26
2025-10-09 21:36:32,2025-10-09 21:36:31
2025-10-09 21:36:37,2025-10-09 21:36:37
2025-10-09 21:36:42,2025-10-09 21:36:42
2025-10-09 21:36:47,2025-10-09 21:36:47
2025-10-09 21:36:52,2025-10-09 21:36:52
2025-10-09 21:36:57,2025-10-09 21:36:57
2025-10-09 21:37:02,2025-10-09 21:37:02
2025-10-09 21:37:07,2025-10-09 21:37:07
2025-10-09 21:37:12,2025-10-09 21:37:12
2025-10-09 21:37:17,2025-10-09 21:37:17
2025-10-09 21:37:22,2025-10-09 21:37:22
2025-10-09 21:37:28,2025-10-09 21:37:27
2025-10-09 21:37:33,2025-10-09 21:37:33
2025-10-09 21:37:38,2025-10-09 21:37:38
2025-10-09 21:37:43,2025-10-09 21:37:43
2025-10-09 21:37:48,2025-10-09 21:37:48
2025-10-09 21:37:53,2025-10-09 21:37:53
2025-10-09 21:37:58,2025-10-09 21:37:58
2025-10-09 21:38:03,2025-10-09 21:38:03
2025-10-09 21:38:08,2025-10-09 21:38:08
2025-10-09 21:38:13,2025-10-09 21:38:13
2025-10-09 21:38:18,2025-10-09 21:38:18
2025-10-09 21:38:24,2025-10-09 21:38:23
2025-10-09 21:38:29,2025-10-09 21:38:29
2025-10-09 21:38:34,2025-10-09 21:38:34
2025-10-09 21:38:39,2025-10-09 21:38:39
2025-10-09 21:38:44,2025-10-09 21:38:44
2025-10-09 21:38:49,2025-10-09 21:38:49
2025-10-09 21:38:54,2025-10-09 21:38:54
2025-10-09 21:38:59,2025-10-09 21:38:59
2025-10-09 21:39:04,2025-10-09 21:39:04
2025-10-09 21:39:09,2025-10-09 21:39:09
2025-10-09 21:39:14,2025-10-09 21:39:14
2025-10-09 21:39:20,2025-10-09 21:39:19
2025-10-09 21:39:25,2025-10-09 21:39:25
2025-10-09 21:39:30,2025-10-09 21:39:30
2025-10-09 21:39:35,2025-10-09 21:39:35
2025-10-09 21:39:40,2025-10-09 21:39:40
2025-10-09 21:39:45,2025-10-09 21:39:45
2025-10-09 21:39:50,2025-10-09 21:39:50
2025-10-09 21:39:55,2025-10-09 21:39:55
2025-10-09 21:40:00,2025-10-09 21:40:00
2025-10-09 21:40:05,2025-10-09 21:40:05
2025-10-09 21:40:10,2025-10-09 21:40:10
2025-10-09 21:40:16,2025-10-09 21:40:15
2025-10-09 21:40:21,2025-10-09 21:40:20
2025-10-09 21:40:26,2025-10-09 21:40:26
2025-10-09 21:40:31,2025-10-09 21:40:31
2025-10-09 21:40:36,2025-10-09 21:40:36
2025-10-09 21:40:41,2025-10-09 21:40:41
2025-10-09 21:40:46,2025-10-09 21:40:46
2025-10-09 21:40:51,2025-10-09 21:40:51
2025-10-09 21:40:56,2025-10-09 21:40:56
2025-10-09 21:41:01,2025-10-09 21:41:01
2025-10-09 21:41:07,2025-10-09 21:41:06
2025-10-09 21:41:12,2025-10-09 21:41:11
2025-10-09 21:41:17,2025-10-09 21:41:16
2025-10-09 21:41:22,2025-10-09 21:41:22
2025-10-09 21:41:27,2025-10-09 21:41:27
2025-10-09 21:41:32,2025-10-09 21:41:32
2025-10-09 21:41:37,2025-10-09 21:41:37
2025-10-09 21:41:42,2025-10-09 21:41:42
2025-10-09 21:41:47,2025-10-09 21:41:47
2025-10-09 21:41:52,2025-10-09 21:41:52
2025-10-09 21:41:57,2025-10-09 21:41:57
2025-10-09 21:42:02,2025-10-09 21:42:02
2025-10-09 21:42:07,2025-10-09 21:42:07
2025-10-09 21:42:13,2025-10-09 21:42:12
2025-10-09 21:42:18,2025-10-09 21:42:18
2025-10-09 21:42:23,2025-10-09 21:42:23
2025-10-09 21:42:28,2025-10-09 21:42:28
2025-10-09 21:42:33,2025-10-09 21:42:33
2025-10-09 21:42:38,2025-10-09 21:42:38
2025-10-09 21:42:43,2025-10-09 21:42:43
2025-10-09 21:42:48,2025-10-09 21:42:48
2025-10-09 21:42:53,2025-10-09 21:42:53
2025-10-09 21:42:58,2025-10-09 21:42:58
2025-10-09 21:43:03,2025-10-09 21:43:03
2025-10-09 21:43:09,2025-10-09 21:43:08
2025-10-09 21:43:14,2025-10-09 21:43:14
2025-10-09 21:43:19,2025-10-09 21:43:19
2025-10-09 21:43:24,2025-10-09 21:43:24
2025-10-09 21:43:29,2025-10-09 21:43:29
2025-10-09 21:43:34,2025-10-09 21:43:34
2025-10-09 21:43:39,2025-10-09 21:43:39
2025-10-09 21:43:44,2025-10-09 21:43:44
2025-10-09 21:43:49,2025-10-09 21:43:49
2025-10-09 21:43:54,2025-10-09 21:43:54
2025-10-09 21:43:59,2025-10-09 21:43:59
2025-10-09 21:44:05,2025-10-09 21:44:04
2025-10-09 21:44:10,2025-10-09 21:44:10
2025-10-09 21:44:15,2025-10-09 21:44:15
2025-10-09 21:44:20,2025-10-09 21:44:20
2025-10-09 21:44:25,2025-10-09 21:44:25
2025-10-09 21:44:30,2025-10-09 21:44:30
2025-10-09 21:44:35,2025-10-09 21:44:35
2025-10-09 21:44:40,2025-10-09 21:44:40
2025-10-09 21:44:45,2025-10-09 21:44:45
2025-10-09 21:44:50,2025-10-09 21:44:50
2025-10-09 21:44:55,2025-10-09 21:44:55
2025-10-09 21:45:01,2025-10-09 21:45:00
2025-10-09 21:45:06,2025-10-09 21:45:06
2025-10-09 21:45:11,2025-10-09 21:45:11
2025-10-09 21:45:12,2025-10-09 21:45:11
2025-10-09 21:45:16,2025-10-09 21:45:16
2025-10-09 21:45:21,2025-10-09 21:45:21
2025-10-09 21:45:26,2025-10-09 21:45:26
2025-10-09 21:45:31,2025-10-09 21:45:31
2025-10-09 21:45:36,2025-10-09 21:45:36
2025-10-09 21:45:41,2025-10-09 21:45:41
2025-10-09 21:45:46,2025-10-09 21:45:46
2025-10-09 21:45:51,2025-10-09 21:45:51
2025-10-09 21:45:57,2025-10-09 21:45:56
2025-10-09 21:46:02,2025-10-09 21:46:02
2025-10-09 21:46:07,2025-10-09 21:46:07
2025-10-09 21:46:12,2025-10-09 21:46:12
2025-10-09 21:46:17,2025-10-09 21:46:17
2025-10-09 21:46:22,2025-10-09 21:46:22
2025-10-09 21:46:27,2025-10-09 21:46:27
2025-10-09 21:46:32,2025-10-09 21:46:32
2025-10-09 21:46:37,2025-10-09 21:46:37
2025-10-09 21:46:42,2025-10-09 21:46:42
2025-10-09 21:46:47,2025-10-09 21:46:47
2025-10-09 21:46:53,2025-10-09 21:46:52
2025-10-09 21:46:58,2025-10-09 21:46:58
2025-10-09 21:47:03,2025-10-09 21:47:03
2025-10-09 21:47:08,2025-10-09 21:47:08
2025-10-09 21:47:13,2025-10-09 21:47:13
2025-10-09 21:47:18,2025-10-09 21:47:18
2025-10-09 21:47:23,2025-10-09 21:47:23
2025-10-09 21:47:28,2025-10-09 21:47:28
2025-10-09 21:47:33,2025-10-09 21:47:33
2025-10-09 21:47:38,2025-10-09 21:47:38
2025-10-09 21:47:43,2025-10-09 21:47:43
2025-10-09 21:47:49,2025-10-09 21:47:48
2025-10-09 21:47:54,2025-10-09 21:47:54
2025-10-09 21:47:59,2025-10-09 21:47:59
2025-10-09 21:48:04,2025-10-09 21:48:04
2025-10-09 21:48:09,2025-10-09 21:48:09
2025-10-09 21:48:14,2025-10-09 21:48:14
2025-10-09 21:48:19,2025-10-09 21:48:19
2025-10-09 21:48:24,2025-10-09 21:48:24
2025-10-09 21:48:29,2025-10-09 21:48:29
2025-10-09 21:48:34,2025-10-09 21:48:34
2025-10-09 21:48:39,2025-10-09 21:48:39
2025-10-09 21:48:44,2025-10-09 21:48:44
2025-10-09 21:48:50,2025-10-09 21:48:49
2025-10-09 21:48:55,2025-10-09 21:48:55
2025-10-09 21:49:00,2025-10-09 21:49:00
2025-10-09 21:49:05,2025-10-09 21:49:05
2025-10-09 21:49:10,2025-10-09 21:49:10
2025-10-09 21:49:15,2025-10-09 21:49:15
2025-10-09 21:49:20,2025-10-09 21:49:20
2025-10-09 21:49:25,2025-10-09 21:49:25
2025-10-09 21:49:30,2025-10-09 21:49:30
2025-10-09 21:49:35,2025-10-09 21:49:35
2025-10-09 21:49:40,2025-10-09 21:49:40
2025-10-09 21:49:46,2025-10-09 21:49:45
2025-10-09 21:49:51,2025-10-09 21:49:51
2025-10-09 21:49:56,2025-10-09 21:49:56
2025-10-09 21:50:01,2025-10-09 21:50:01
2025-10-09 21:50:06,2025-10-09 21:50:06
2025-10-09 21:50:11,2025-10-09 21:50:11
2025-10-09 21:50:16,2025-10-09 21:50:16
2025-10-09 21:50:21,2025-10-09 21:50:21
2025-10-09 21:50:26,2025-10-09 21:50:26
2025-10-09 21:50:31,2025-10-09 21:50:31
2025-10-09 21:50:36,2025-10-09 21:50:36
2025-10-09 21:50:42,2025-10-09 21:50:41
2025-10-09 21:50:47,2025-10-09 21:50:47
2025-10-09 21:50:52,2025-10-09 21:50:52
2025-10-09 21:50:57,2025-10-09 21:50:57
2025-10-09 21:51:02,2025-10-09 21:51:02
2025-10-09 21:51:07,2025-10-09 21:51:07
2025-10-09 21:51:12,2025-10-09 21:51:12
2025-10-09 21:51:17,2025-10-09 21:51:17
2025-10-09 21:51:22,2025-10-09 21:51:22
2025-10-09 21:51:27,2025-10-09 21:51:27
2025-10-09 21:51:32,2025-10-09 21:51:32
2025-10-09 21:51:38,2025-10-09 21:51:37
2025-10-09 21:51:43,2025-10-09 21:51:43
2025-10-09 21:51:48,2025-10-09 21:51:48
2025-10-09 21:51:53,2025-10-09 21:51:53
2025-10-09 21:51:58,2025-10-09 21:51:58
2025-10-09 21:52:03,2025-10-09 21:52:03
2025-10-09 21:52:08,2025-10-09 21:52:08
2025-10-09 21:52:13,2025-10-09 21:52:13
2025-10-09 21:52:18,2025-10-09 21:52:18
2025-10-09 21:52:23,2025-10-09 21:52:23
2025-10-09 21:52:28,2025-10-09 21:52:28
2025-10-09 21:52:34,2025-10-09 21:52:33
2025-10-09 21:52:39,2025-10-09 21:52:39
2025-10-09 21:52:44,2025-10-09 21:52:44
2025-10-09 21:52:49,2025-10-09 21:52:49
2025-10-09 21:52:54,2025-10-09 21:52:54
2025-10-09 21:52:59,2025-10-09 21:52:59
2025-10-09 21:53:04,2025-10-09 21:53:04
2025-10-09 21:53:09,2025-10-09 21:53:09
2025-10-09 21:53:14,2025-10-09 21:53:14
2025-10-09 21:53:19,2025-10-09 21:53:19
2025-10-09 21:53:24,2025-10-09 21:53:24
2025-10-09 21:53:30,2025-10-09 21:53:29
2025-10-09 21:53:35,2025-10-09 21:53:35
2025-10-09 21:53:40,2025-10-09 21:53:40
2025-10-09 21:53:45,2025-10-09 21:53:45
2025-10-09 21:53:50,2025-10-09 21:53:50
2025-10-09 21:53:55,2025-10-09 21:53:55
2025-10-09 21:54:00,2025-10-09 21:54:00
2025-10-09 21:54:05,2025-10-09 21:54:05
2025-10-09 21:54:10,2025-10-09 21:54:10
2025-10-09 21:54:16,2025-10-09 21:54:15
2025-10-09 21:54:20,2025-10-09 21:54:20
2025-10-09 21:54:26,2025-10-09 21:54:25
2025-10-09 21:54:31,2025-10-09 21:54:31
2025-10-09 21:54:36,2025-10-09 21:54:36
2025-10-09 21:54:41,2025-10-09 21:54:41
2025-10-09 21:54:46,2025-10-09 21:54:46
2025-10-09 21:54:51,2025-10-09 21:54:51
2025-10-09 21:54:56,2025-10-09 21:54:56
2025-10-09 21:55:01,2025-10-09 21:55:01
2025-10-09 21:55:06,2025-10-09 21:55:06
2025-10-09 21:55:11,2025-10-09 21:55:11
2025-10-09 21:55:16,2025-10-09 21:55:16
2025-10-09 21:55:22,2025-10-09 21:55:21
2025-10-09 21:55:27,2025-10-09 21:55:27
2025-10-09 21:55:32,2025-10-09 21:55:32
2025-10-09 21:55:37,2025-10-09 21:55:37
2025-10-09 21:55:42,2025-10-09 21:55:42
2025-10-09 21:55:47,2025-10-09 21:55:47
2025-10-09 21:55:52,2025-10-09 21:55:52
2025-10-09 21:55:57,2025-10-09 21:55:57
2025-10-09 21:56:02,2025-10-09 21:56:02
2025-10-09 21:56:07,2025-10-09 21:56:07
2025-10-09 21:56:12,2025-10-09 21:56:12
2025-10-09 21:56:17,2025-10-09 21:56:17
2025-10-09 21:56:23,2025-10-09 21:56:23
2025-10-09 21:56:28,2025-10-09 21:56:28
2025-10-09 21:56:33,2025-10-09 21:56:33
2025-10-09 21:56:38,2025-10-09 21:56:38
2025-10-09 21:56:43,2025-10-09 21:56:43
2025-10-09 21:56:48,2025-10-09 21:56:48
2025-10-09 21:56:53,2025-10-09 21:56:53
2025-10-09 21:56:58,2025-10-09 21:56:58
2025-10-09 21:57:03,2025-10-09 21:57:03
2025-10-09 21:57:08,2025-10-09 21:57:08
2025-10-09 21:57:13,2025-10-09 21:57:13
2025-10-09 21:57:19,2025-10-09 21:57:18
2025-10-09 21:57:24,2025-10-09 21:57:24
2025-10-09 21:57:29,2025-10-09 21:57:29
2025-10-09 21:57:34,2025-10-09 21:57:34
2025-10-09 21:57:39,2025-10-09 21:57:39
2025-10-09 21:57:44,2025-10-09 21:57:44
2025-10-09 21:57:49,2025-10-09 21:57:49
2025-10-09 21:57:54,2025-10-09 21:57:54
2025-10-09 21:57:59,2025-10-09 21:57:59
2025-10-09 21:58:04,2025-10-09 21:58:04
2025-10-09 21:58:09,2025-10-09 21:58:09
2025-10-09 21:58:15,2025-10-09 21:58:14
2025-10-09 21:58:20,2025-10-09 21:58:19
2025-10-09 21:58:25,2025-10-09 21:58:25
2025-10-09 21:58:30,2025-10-09 21:58:30
2025-10-09 21:58:35,2025-10-09 21:58:35
2025-10-09 21:58:36,2025-10-09 21:58:35
2025-10-09 21:58:40,2025-10-09 21:58:40
2025-10-09 21:58:45,2025-10-09 21:58:45
2025-10-09 21:58:50,2025-10-09 21:58:50
2025-10-09 21:58:55,2025-10-09 21:58:55
2025-10-09 21:59:00,2025-10-09 21:59:00
2025-10-09 21:59:05,2025-10-09 21:59:05
2025-10-09 21:59:11,2025-10-09 21:59:10
2025-10-09 21:59:16,2025-10-09 21:59:15
2025-10-09 21:59:21,2025-10-09 21:59:21
2025-10-09 21:59:26,2025-10-09 21:59:26
2025-10-09 21:59:31,2025-10-09 21:59:31
2025-10-09 21:59:36,2025-10-09 21:59:36
2025-10-09 21:59:41,2025-10-09 21:59:41
2025-10-09 21:59:46,2025-10-09 21:59:46
2025-10-09 21:59:51,2025-10-09 21:59:51
2025-10-09 21:59:56,2025-10-09 21:59:56
2025-10-09 22:00:01,2025-10-09 22:00:01
2025-10-09 22:00:07,2025-10-09 22:00:06
2025-10-09 22:00:12,2025-10-09 22:00:11
2025-10-09 22:00:17,2025-10-09 22:00:17
2025-10-09 22:00:22,2025-10-09 22:00:22
2025-10-09 22:00:24,2025-10-09 22:00:22
2025-10-09 22:00:27,2025-10-09 22:00:27
2025-10-09 22:00:32,2025-10-09 22:00:32
2025-10-09 22:00:37,2025-10-09 22:00:37
2025-10-09 22:00:42,2025-10-09 22:00:42
2025-10-09 22:00:47,2025-10-09 22:00:47
2025-10-09 22:00:52,2025-10-09 22:00:52
2025-10-09 22:00:57,2025-10-09 22:00:57
2025-10-09 22:01:03,2025-10-09 22:01:02
2025-10-09 22:01:08,2025-10-09 22:01:07
2025-10-09 22:01:13,2025-10-09 22:01:13
2025-10-09 22:01:18,2025-10-09 22:01:18
2025-10-09 22:01:23,2025-10-09 22:01:23
2025-10-09 22:01:28,2025-10-09 22:01:28
2025-10-09 22:01:33,2025-10-09 22:01:33
2025-10-09 22:01:38,2025-10-09 22:01:38
2025-10-09 22:01:43,2025-10-09 22:01:43
2025-10-09 22:01:48,2025-10-09 22:01:48
2025-10-09 22:01:53,2025-10-09 22:01:53
2025-10-09 22:01:59,2025-10-09 22:01:58
2025-10-09 22:02:04,2025-10-09 22:02:03
2025-10-09 22:02:09,2025-10-09 22:02:09
2025-10-09 22:02:14,2025-10-09 22:02:14
2025-10-09 22:02:19,2025-10-09 22:02:19
2025-10-09 22:02:24,2025-10-09 22:02:24
2025-10-09 22:02:29,2025-10-09 22:02:29
2025-10-09 22:02:34,2025-10-09 22:02:34
2025-10-09 22:02:39,2025-10-09 22:02:39
2025-10-09 22:02:44,2025-10-09 22:02:44
2025-10-09 22:02:49,2025-10-09 22:02:49
2025-10-09 22:02:54,2025-10-09 22:02:54
2025-10-09 22:03:00,2025-10-09 22:02:59
2025-10-09 22:03:05,2025-10-09 22:03:05
2025-10-09 22:03:10,2025-10-09 22:03:10
2025-10-09 22:03:15,2025-10-09 22:03:15
2025-10-09 22:03:20,2025-10-09 22:03:20
2025-10-09 22:03:25,2025-10-09 22:03:25
2025-10-09 22:03:30,2025-10-09 22:03:30
2025-10-09 22:03:35,2025-10-09 22:03:35
2025-10-09 22:03:40,2025-10-09 22:03:40
2025-10-09 22:03:45,2025-10-09 22:03:45
2025-10-09 22:03:50,2025-10-09 22:03:50
2025-10-09 22:03:56,2025-10-09 22:03:55
2025-10-09 22:04:01,2025-10-09 22:04:01
2025-10-09 22:04:06,2025-10-09 22:04:06
2025-10-09 22:04:11,2025-10-09 22:04:11
2025-10-09 22:04:16,2025-10-09 22:04:16
2025-10-09 22:04:21,2025-10-09 22:04:21
2025-10-09 22:04:26,2025-10-09 22:04:26
2025-10-09 22:04:31,2025-10-09 22:04:31
2025-10-09 22:04:36,2025-10-09 22:04:36
2025-10-09 22:04:42,2025-10-09 22:04:41
2025-10-09 22:04:46,2025-10-09 22:04:46
2025-10-09 22:04:52,2025-10-09 22:04:51
2025-10-09 22:04:57,2025-10-09 22:04:57
2025-10-09 22:05:02,2025-10-09 22:05:02
2025-10-09 22:05:07,2025-10-09 22:05:07
2025-10-09 22:05:12,2025-10-09 22:05:12
2025-10-09 22:05:17,2025-10-09 22:05:17
2025-10-09 22:05:22,2025-10-09 22:05:22
2025-10-09 22:05:27,2025-10-09 22:05:27
2025-10-09 22:05:32,2025-10-09 22:05:32
2025-10-09 22:05:37,2025-10-09 22:05:37
2025-10-09 22:05:42,2025-10-09 22:05:42
2025-10-09 22:05:48,2025-10-09 22:05:47
2025-10-09 22:05:53,2025-10-09 22:05:53
2025-10-09 22:05:58,2025-10-09 22:05:58
2025-10-09 22:06:03,2025-10-09 22:06:03
2025-10-09 22:06:08,2025-10-09 22:06:08
2025-10-09 22:06:13,2025-10-09 22:06:13
2025-10-09 22:06:18,2025-10-09 22:06:18
2025-10-09 22:06:23,2025-10-09 22:06:23
2025-10-09 22:06:28,2025-10-09 22:06:28
2025-10-09 22:06:33,2025-10-09 22:06:33
2025-10-09 22:06:38,2025-10-09 22:06:38
2025-10-09 22:06:44,2025-10-09 22:06:43
2025-10-09 22:06:49,2025-10-09 22:06:48
2025-10-09 22:06:54,2025-10-09 22:06:54
2025-10-09 22:06:59,2025-10-09 22:06:59
2025-10-09 22:07:04,2025-10-09 22:07:04
2025-10-09 22:07:09,2025-10-09 22:07:09
2025-10-09 22:07:14,2025-10-09 22:07:14
2025-10-09 22:07:19,2025-10-09 22:07:19
2025-10-09 22:07:24,2025-10-09 22:07:24
2025-10-09 22:07:29,2025-10-09 22:07:29
2025-10-09 22:07:34,2025-10-09 22:07:34
2025-10-09 22:07:40,2025-10-09 22:07:39
2025-10-09 22:07:45,2025-10-09 22:07:44
2025-10-09 22:07:50,2025-10-09 22:07:50
2025-10-09 22:07:55,2025-10-09 22:07:55
2025-10-09 22:08:00,2025-10-09 22:08:00
2025-10-09 22:08:05,2025-10-09 22:08:05
2025-10-09 22:08:10,2025-10-09 22:08:10
2025-10-09 22:08:15,2025-10-09 22:08:15
2025-10-09 22:08:20,2025-10-09 22:08:20
2025-10-09 22:08:25,2025-10-09 22:08:25
2025-10-09 22:08:30,2025-10-09 22:08:30
2025-10-09 22:08:36,2025-10-09 22:08:35
2025-10-09 22:08:41,2025-10-09 22:08:40
2025-10-09 22:08:46,2025-10-09 22:08:46
2025-10-09 22:08:51,2025-10-09 22:08:51
2025-10-09 22:08:56,2025-10-09 22:08:56
2025-10-09 22:09:01,2025-10-09 22:09:01
2025-10-09 22:09:06,2025-10-09 22:09:06
2025-10-09 22:09:11,2025-10-09 22:09:11
2025-10-09 22:09:16,2025-10-09 22:09:16
2025-10-09 22:09:21,2025-10-09 22:09:21
2025-10-09 22:09:26,2025-10-09 22:09:26
2025-10-09 22:09:32,2025-10-09 22:09:31
2025-10-09 22:09:37,2025-10-09 22:09:36
2025-10-09 22:09:42,2025-10-09 22:09:42
2025-10-09 22:09:47,2025-10-09 22:09:47
2025-10-09 22:09:52,2025-10-09 22:09:52
2025-10-09 22:09:57,2025-10-09 22:09:57
2025-10-09 22:10:02,2025-10-09 22:10:02
2025-10-09 22:10:07,2025-10-09 22:10:07
2025-10-09 22:10:12,2025-10-09 22:10:12
2025-10-09 22:10:17,2025-10-09 22:10:17
2025-10-09 22:10:22,2025-10-09 22:10:22
2025-10-09 22:10:27,2025-10-09 22:10:27
2025-10-09 22:10:33,2025-10-09 22:10:32
2025-10-09 22:10:38,2025-10-09 22:10:38
2025-10-09 22:10:43,2025-10-09 22:10:43
2025-10-09 22:10:48,2025-10-09 22:10:48
2025-10-09 22:10:53,2025-10-09 22:10:53
2025-10-09 22:10:58,2025-10-09 22:10:58
2025-10-09 22:11:03,2025-10-09 22:11:03
2025-10-09 22:11:08,2025-10-09 22:11:08
2025-10-09 22:11:13,2025-10-09 22:11:13
2025-10-09 22:11:18,2025-10-09 22:11:18
2025-10-09 22:11:23,2025-10-09 22:11:23
2025-10-09 22:11:29,2025-10-09 22:11:28
2025-10-09 22:11:34,2025-10-09 22:11:34
2025-10-09 22:11:39,2025-10-09 22:11:39
2025-10-09 22:11:44,2025-10-09 22:11:44
2025-10-09 22:11:49,2025-10-09 22:11:49
2025-10-09 22:11:54,2025-10-09 22:11:54
2025-10-09 22:11:59,2025-10-09 22:11:59
2025-10-09 22:12:04,2025-10-09 22:12:04
2025-10-09 22:12:09,2025-10-09 22:12:09
2025-10-09 22:12:14,2025-10-09 22:12:14
2025-10-09 22:12:19,2025-10-09 22:12:19
2025-10-09 22:12:25,2025-10-09 22:12:24
2025-10-09 22:12:30,2025-10-09 22:12:30
2025-10-09 22:12:35,2025-10-09 22:12:35
2025-10-09 22:12:40,2025-10-09 22:12:40
2025-10-09 22:12:45,2025-10-09 22:12:45
2025-10-09 22:12:50,2025-10-09 22:12:50
2025-10-09 22:12:55,2025-10-09 22:12:55
2025-10-09 22:13:00,2025-10-09 22:13:00
2025-10-09 22:13:05,2025-10-09 22:13:05
2025-10-09 22:13:10,2025-10-09 22:13:10
2025-10-09 22:13:15,2025-10-09 22:13:15
2025-10-09 22:13:21,2025-10-09 22:13:20
2025-10-09 22:13:26,2025-10-09 22:13:26
2025-10-09 22:13:31,2025-10-09 22:13:31
2025-10-09 22:13:36,2025-10-09 22:13:36
2025-10-09 22:13:41,2025-10-09 22:13:41
2025-10-09 22:13:46,2025-10-09 22:13:46
2025-10-09 22:13:51,2025-10-09 22:13:51
2025-10-09 22:13:56,2025-10-09 22:13:56
2025-10-09 22:14:01,2025-10-09 22:14:01
2025-10-09 22:14:06,2025-10-09 22:14:06
2025-10-09 22:14:11,2025-10-09 22:14:11
2025-10-09 22:14:17,2025-10-09 22:14:16
2025-10-09 22:14:22,2025-10-09 22:14:22
2025-10-09 22:14:27,2025-10-09 22:14:27
2025-10-09 22:14:32,2025-10-09 22:14:32
2025-10-09 22:14:37,2025-10-09 22:14:37
2025-10-09 22:14:42,2025-10-09 22:14:42
2025-10-09 22:14:47,2025-10-09 22:14:47
2025-10-09 22:14:52,2025-10-09 22:14:52
2025-10-09 22:14:57,2025-10-09 22:14:57
2025-10-09 22:15:02,2025-10-09 22:15:02
2025-10-09 22:15:07,2025-10-09 22:15:07
2025-10-09 22:15:13,2025-10-09 22:15:12
2025-10-09 22:15:18,2025-10-09 22:15:17
2025-10-09 22:15:23,2025-10-09 22:15:23
2025-10-09 22:15:28,2025-10-09 22:15:28
2025-10-09 22:15:33,2025-10-09 22:15:33
2025-10-09 22:15:38,2025-10-09 22:15:38
2025-10-09 22:15:43,2025-10-09 22:15:43
2025-10-09 22:15:48,2025-10-09 22:15:48
2025-10-09 22:15:53,2025-10-09 22:15:53
2025-10-09 22:15:58,2025-10-09 22:15:58
2025-10-09 22:16:04,2025-10-09 22:16:03
2025-10-09 22:16:09,2025-10-09 22:16:08
2025-10-09 22:16:14,2025-10-09 22:16:13
2025-10-09 22:16:19,2025-10-09 22:16:19
2025-10-09 22:16:24,2025-10-09 22:16:24
2025-10-09 22:16:29,2025-10-09 22:16:29
2025-10-09 22:16:34,2025-10-09 22:16:34
2025-10-09 22:16:39,2025-10-09 22:16:39
2025-10-09 22:16:44,2025-10-09 22:16:44
2025-10-09 22:16:49,2025-10-09 22:16:49
2025-10-09 22:16:54,2025-10-09 22:16:54
2025-10-09 22:16:59,2025-10-09 22:16:59
2025-10-09 22:17:05,2025-10-09 22:17:04
2025-10-09 22:17:10,2025-10-09 22:17:09
2025-10-09 22:17:15,2025-10-09 22:17:15
2025-10-09 22:17:20,2025-10-09 22:17:20
2025-10-09 22:17:25,2025-10-09 22:17:25
2025-10-09 22:17:30,2025-10-09 22:17:30
2025-10-09 22:17:35,2025-10-09 22:17:35
2025-10-09 22:17:40,2025-10-09 22:17:40
2025-10-09 22:17:45,2025-10-09 22:17:45
2025-10-09 22:17:50,2025-10-09 22:17:50
2025-10-09 22:17:55,2025-10-09 22:17:55
2025-10-09 22:18:00,2025-10-09 22:18:00
2025-10-09 22:18:06,2025-10-09 22:18:05
2025-10-09 22:18:11,2025-10-09 22:18:11
2025-10-09 22:18:16,2025-10-09 22:18:16
2025-10-09 22:18:21,2025-10-09 22:18:21
2025-10-09 22:18:26,2025-10-09 22:18:26
2025-10-09 22:18:31,2025-10-09 22:18:31
2025-10-09 22:18:36,2025-10-09 22:18:36
2025-10-09 22:18:41,2025-10-09 22:18:41
2025-10-09 22:18:46,2025-10-09 22:18:46
2025-10-09 22:18:51,2025-10-09 22:18:51
2025-10-09 22:18:56,2025-10-09 22:18:56
2025-10-09 22:19:02,2025-10-09 22:19:01
2025-10-09 22:19:07,2025-10-09 22:19:07
2025-10-09 22:19:12,2025-10-09 22:19:12
2025-10-09 22:19:17,2025-10-09 22:19:17
2025-10-09 22:19:22,2025-10-09 22:19:22
2025-10-09 22:19:27,2025-10-09 22:19:27
2025-10-09 22:19:32,2025-10-09 22:19:32
2025-10-09 22:19:37,2025-10-09 22:19:37
2025-10-09 22:19:42,2025-10-09 22:19:42
2025-10-09 22:19:47,2025-10-09 22:19:47
2025-10-09 22:19:52,2025-10-09 22:19:52
2025-10-09 22:19:58,2025-10-09 22:19:57
2025-10-09 22:20:03,2025-10-09 22:20:03
2025-10-09 22:20:08,2025-10-09 22:20:08
2025-10-09 22:20:13,2025-10-09 22:20:13
2025-10-09 22:20:18,2025-10-09 22:20:18
2025-10-09 22:20:23,2025-10-09 22:20:23
2025-10-09 22:20:28,2025-10-09 22:20:28
2025-10-09 22:20:33,2025-10-09 22:20:33
2025-10-09 22:20:38,2025-10-09 22:20:38
2025-10-09 22:20:43,2025-10-09 22:20:43
2025-10-09 22:20:48,2025-10-09 22:20:48
2025-10-09 22:20:54,2025-10-09 22:20:53
2025-10-09 22:20:59,2025-10-09 22:20:59
2025-10-09 22:21:04,2025-10-09 22:21:04
2025-10-09 22:21:09,2025-10-09 22:21:09
2025-10-09 22:21:14,2025-10-09 22:21:14
2025-10-09 22:21:19,2025-10-09 22:21:19
2025-10-09 22:21:24,2025-10-09 22:21:24
2025-10-09 22:21:29,2025-10-09 22:21:29
2025-10-09 22:21:34,2025-10-09 22:21:34
2025-10-09 22:21:39,2025-10-09 22:21:39
2025-10-09 22:21:44,2025-10-09 22:21:44
2025-10-09 22:21:50,2025-10-09 22:21:49
2025-10-09 22:21:55,2025-10-09 22:21:55
2025-10-09 22:22:00,2025-10-09 22:22:00
2025-10-09 22:22:05,2025-10-09 22:22:05
2025-10-09 22:22:10,2025-10-09 22:22:10
2025-10-09 22:22:15,2025-10-09 22:22:15
2025-10-09 22:22:20,2025-10-09 22:22:20
2025-10-09 22:22:25,2025-10-09 22:22:25
2025-10-09 22:22:30,2025-10-09 22:22:30
2025-10-09 22:22:35,2025-10-09 22:22:35
2025-10-09 22:22:40,2025-10-09 22:22:40
2025-10-09 22:22:46,2025-10-09 22:22:45
2025-10-09 22:22:51,2025-10-09 22:22:51
2025-10-09 22:22:56,2025-10-09 22:22:56
2025-10-09 22:23:01,2025-10-09 22:23:01
2025-10-09 22:23:06,2025-10-09 22:23:06
2025-10-09 22:23:11,2025-10-09 22:23:11
2025-10-09 22:23:16,2025-10-09 22:23:16
2025-10-09 22:23:21,2025-10-09 22:23:21
2025-10-09 22:23:26,2025-10-09 22:23:26
2025-10-09 22:23:31,2025-10-09 22:23:31
2025-10-09 22:23:36,2025-10-09 22:23:36
2025-10-09 22:23:42,2025-10-09 22:23:41
2025-10-09 22:23:47,2025-10-09 22:23:46
2025-10-09 22:23:52,2025-10-09 22:23:52
2025-10-09 22:23:57,2025-10-09 22:23:57
2025-10-09 22:24:02,2025-10-09 22:24:02
2025-10-09 22:24:07,2025-10-09 22:24:07
2025-10-09 22:24:12,2025-10-09 22:24:12
2025-10-09 22:24:17,2025-10-09 22:24:17
2025-10-09 22:24:20,2025-10-09 22:24:17
2025-10-09 22:24:22,2025-10-09 22:24:22
2025-10-09 22:24:27,2025-10-09 22:24:27
2025-10-09 22:24:32,2025-10-09 22:24:32
2025-10-09 22:24:38,2025-10-09 22:24:37
2025-10-09 22:24:43,2025-10-09 22:24:42
2025-10-09 22:24:48,2025-10-09 22:24:48
2025-10-09 22:24:53,2025-10-09 22:24:53
2025-10-09 22:24:58,2025-10-09 22:24:58
2025-10-09 22:25:03,2025-10-09 22:25:03
2025-10-09 22:25:08,2025-10-09 22:25:08
2025-10-09 22:25:13,2025-10-09 22:25:13
2025-10-09 22:25:18,2025-10-09 22:25:18
2025-10-09 22:25:23,2025-10-09 22:25:23
2025-10-09 22:25:28,2025-10-09 22:25:28
2025-10-09 22:25:34,2025-10-09 22:25:33
2025-10-09 22:25:39,2025-10-09 22:25:38
2025-10-09 22:25:44,2025-10-09 22:25:44
2025-10-09 22:25:49,2025-10-09 22:25:49
2025-10-09 22:25:54,2025-10-09 22:25:54
2025-10-09 22:25:59,2025-10-09 22:25:59
2025-10-09 22:26:04,2025-10-09 22:26:04
2025-10-09 22:26:09,2025-10-09 22:26:09
2025-10-09 22:26:14,2025-10-09 22:26:14
2025-10-09 22:26:19,2025-10-09 22:26:19
2025-10-09 22:26:24,2025-10-09 22:26:24
2025-10-09 22:26:29,2025-10-09 22:26:29
2025-10-09 22:26:35,2025-10-09 22:26:34
2025-10-09 22:26:40,2025-10-09 22:26:40
2025-10-09 22:26:45,2025-10-09 22:26:45
2025-10-09 22:26:50,2025-10-09 22:26:50
2025-10-09 22:26:55,2025-10-09 22:26:55
2025-10-09 22:27:00,2025-10-09 22:27:00
2025-10-09 22:27:05,2025-10-09 22:27:05
2025-10-09 22:27:10,2025-10-09 22:27:10
2025-10-09 22:27:15,2025-10-09 22:27:15
2025-10-09 22:27:20,2025-10-09 22:27:20
2025-10-09 22:27:25,2025-10-09 22:27:25
2025-10-09 22:27:31,2025-10-09 22:27:30
2025-10-09 22:27:36,2025-10-09 22:27:36
2025-10-09 22:27:41,2025-10-09 22:27:41
2025-10-09 22:27:46,2025-10-09 22:27:46
2025-10-09 22:27:51,2025-10-09 22:27:51
2025-10-09 22:27:56,2025-10-09 22:27:56
2025-10-09 22:28:01,2025-10-09 22:28:01
2025-10-09 22:28:06,2025-10-09 22:28:06
2025-10-09 22:28:11,2025-10-09 22:28:11
2025-10-09 22:28:16,2025-10-09 22:28:16
2025-10-09 22:28:21,2025-10-09 22:28:21
2025-10-09 22:28:27,2025-10-09 22:28:26
2025-10-09 22:28:32,2025-10-09 22:28:32
2025-10-09 22:28:37,2025-10-09 22:28:37
2025-10-09 22:28:42,2025-10-09 22:28:42
2025-10-09 22:28:47,2025-10-09 22:28:47
2025-10-09 22:28:52,2025-10-09 22:28:52
2025-10-09 22:28:57,2025-10-09 22:28:57
2025-10-09 22:29:02,2025-10-09 22:29:02
2025-10-09 22:29:07,2025-10-09 22:29:07
2025-10-09 22:29:12,2025-10-09 22:29:12
2025-10-09 22:29:17,2025-10-09 22:29:17
2025-10-09 22:29:23,2025-10-09 22:29:22
2025-10-09 22:29:28,2025-10-09 22:29:28
2025-10-09 22:29:33,2025-10-09 22:29:33
2025-10-09 22:29:38,2025-10-09 22:29:38
2025-10-09 22:29:43,2025-10-09 22:29:43
2025-10-09 22:29:48,2025-10-09 22:29:48
2025-10-09 22:29:53,2025-10-09 22:29:53
2025-10-09 22:29:58,2025-10-09 22:29:58
2025-10-09 22:30:03,2025-10-09 22:30:03
2025-10-09 22:30:08,2025-10-09 22:30:08
2025-10-09 22:30:13,2025-10-09 22:30:13
2025-10-09 22:30:19,2025-10-09 22:30:18
2025-10-09 22:30:24,2025-10-09 22:30:24
2025-10-09 22:30:29,2025-10-09 22:30:29
2025-10-09 22:30:34,2025-10-09 22:30:34
2025-10-09 22:30:39,2025-10-09 22:30:39
2025-10-09 22:30:44,2025-10-09 22:30:44
2025-10-09 22:30:49,2025-10-09 22:30:49
2025-10-09 22:30:54,2025-10-09 22:30:54
2025-10-09 22:30:59,2025-10-09 22:30:59
2025-10-09 22:31:04,2025-10-09 22:31:04
2025-10-09 22:31:09,2025-10-09 22:31:09
2025-10-09 22:31:15,2025-10-09 22:31:14
2025-10-09 22:31:20,2025-10-09 22:31:20
2025-10-09 22:31:25,2025-10-09 22:31:25
2025-10-09 22:31:30,2025-10-09 22:31:30
2025-10-09 22:31:35,2025-10-09 22:31:35
2025-10-09 22:31:40,2025-10-09 22:31:40
2025-10-09 22:31:45,2025-10-09 22:31:45
2025-10-09 22:31:50,2025-10-09 22:31:50
2025-10-09 22:31:55,2025-10-09 22:31:55
2025-10-09 22:32:00,2025-10-09 22:32:00
2025-10-09 22:32:05,2025-10-09 22:32:05
2025-10-09 22:32:10,2025-10-09 22:32:10
2025-10-09 22:32:16,2025-10-09 22:32:15
2025-10-09 22:32:21,2025-10-09 22:32:21
2025-10-09 22:32:26,2025-10-09 22:32:26
2025-10-09 22:32:31,2025-10-09 22:32:31
2025-10-09 22:32:36,2025-10-09 22:32:36
2025-10-09 22:32:41,2025-10-09 22:32:41
2025-10-09 22:32:46,2025-10-09 22:32:46
2025-10-09 22:32:51,2025-10-09 22:32:51
2025-10-09 22:32:56,2025-10-09 22:32:56
2025-10-09 22:33:01,2025-10-09 22:33:01
2025-10-09 22:33:06,2025-10-09 22:33:06
2025-10-09 22:33:12,2025-10-09 22:33:11
2025-10-09 22:33:17,2025-10-09 22:33:17
2025-10-09 22:33:22,2025-10-09 22:33:22
2025-10-09 22:33:27,2025-10-09 22:33:27
2025-10-09 22:33:32,2025-10-09 22:33:32
2025-10-09 22:33:37,2025-10-09 22:33:37
2025-10-09 22:33:42,2025-10-09 22:33:42
2025-10-09 22:33:47,2025-10-09 22:33:47
2025-10-09 22:33:52,2025-10-09 22:33:52
2025-10-09 22:33:57,2025-10-09 22:33:57
2025-10-09 22:34:02,2025-10-09 22:34:02
2025-10-09 22:34:08,2025-10-09 22:34:07
2025-10-09 22:34:13,2025-10-09 22:34:13
2025-10-09 22:34:18,2025-10-09 22:34:18
2025-10-09 22:34:23,2025-10-09 22:34:23
2025-10-09 22:34:28,2025-10-09 22:34:28
2025-10-09 22:34:33,2025-10-09 22:34:33
2025-10-09 22:34:38,2025-10-09 22:34:38
2025-10-09 22:34:43,2025-10-09 22:34:43
2025-10-09 22:34:48,2025-10-09 22:34:48
2025-10-09 22:34:53,2025-10-09 22:34:53
2025-10-09 22:34:58,2025-10-09 22:34:58
2025-10-09 22:35:04,2025-10-09 22:35:03
2025-10-09 22:35:09,2025-10-09 22:35:09
2025-10-09 22:35:14,2025-10-09 22:35:14
2025-10-09 22:35:19,2025-10-09 22:35:19
2025-10-09 22:35:24,2025-10-09 22:35:24
2025-10-09 22:35:29,2025-10-09 22:35:29
2025-10-09 22:35:34,2025-10-09 22:35:34
2025-10-09 22:35:39,2025-10-09 22:35:39
2025-10-09 22:35:44,2025-10-09 22:35:44
2025-10-09 22:35:49,2025-10-09 22:35:49
2025-10-09 22:35:54,2025-10-09 22:35:54
2025-10-09 22:36:00,2025-10-09 22:35:59
2025-10-09 22:36:05,2025-10-09 22:36:05
2025-10-09 22:36:10,2025-10-09 22:36:10
2025-10-09 22:36:15,2025-10-09 22:36:15
2025-10-09 22:36:20,2025-10-09 22:36:20
2025-10-09 22:36:25,2025-10-09 22:36:25
2025-10-09 22:36:30,2025-10-09 22:36:30
2025-10-09 22:36:35,2025-10-09 22:36:35
2025-10-09 22:36:40,2025-10-09 22:36:40
2025-10-09 22:36:45,2025-10-09 22:36:45
2025-10-09 22:36:50,2025-10-09 22:36:50
2025-10-09 22:36:56,2025-10-09 22:36:55
2025-10-09 22:37:01,2025-10-09 22:37:01
2025-10-09 22:37:06,2025-10-09 22:37:06
2025-10-09 22:37:11,2025-10-09 22:37:11
2025-10-09 22:37:16,2025-10-09 22:37:16
2025-10-09 22:37:21,2025-10-09 22:37:21
2025-10-09 22:37:26,2025-10-09 22:37:26
2025-10-09 22:37:31,2025-10-09 22:37:31
2025-10-09 22:37:36,2025-10-09 22:37:36
2025-10-09 22:37:41,2025-10-09 22:37:41
2025-10-09 22:37:46,2025-10-09 22:37:46
2025-10-09 22:37:52,2025-10-09 22:37:51
2025-10-09 22:37:57,2025-10-09 22:37:57
2025-10-09 22:38:02,2025-10-09 22:38:02
2025-10-09 22:38:07,2025-10-09 22:38:07
2025-10-09 22:38:12,2025-10-09 22:38:12
2025-10-09 22:38:17,2025-10-09 22:38:17
2025-10-09 22:38:22,2025-10-09 22:38:22
2025-10-09 22:38:27,2025-10-09 22:38:27
2025-10-09 22:38:32,2025-10-09 22:38:32
2025-10-09 22:38:37,2025-10-09 22:38:37
2025-10-09 22:38:42,2025-10-09 22:38:42
2025-10-09 22:38:48,2025-10-09 22:38:47
2025-10-09 22:38:53,2025-10-09 22:38:53
2025-10-09 22:38:58,2025-10-09 22:38:58
2025-10-09 22:39:03,2025-10-09 22:39:03
2025-10-09 22:39:08,2025-10-09 22:39:08
2025-10-09 22:39:13,2025-10-09 22:39:13
2025-10-09 22:39:18,2025-10-09 22:39:18
2025-10-09 22:39:23,2025-10-09 22:39:23
2025-10-09 22:39:28,2025-10-09 22:39:28
2025-10-09 22:39:33,2025-10-09 22:39:33
2025-10-09 22:39:38,2025-10-09 22:39:38
2025-10-09 22:39:43,2025-10-09 22:39:43
2025-10-09 22:39:49,2025-10-09 22:39:49
2025-10-09 22:39:54,2025-10-09 22:39:54
2025-10-09 22:39:59,2025-10-09 22:39:59
2025-10-09 22:40:04,2025-10-09 22:40:04
2025-10-09 22:40:09,2025-10-09 22:40:09
2025-10-09 22:40:14,2025-10-09 22:40:14
2025-10-09 22:40:19,2025-10-09 22:40:19
2025-10-09 22:40:24,2025-10-09 22:40:24
2025-10-09 22:40:29,2025-10-09 22:40:29
2025-10-09 22:40:34,2025-10-09 22:40:34
2025-10-09 22:40:39,2025-10-09 22:40:39
2025-10-09 22:40:45,2025-10-09 22:40:44
2025-10-09 22:40:50,2025-10-09 22:40:50
2025-10-09 22:40:55,2025-10-09 22:40:55
2025-10-09 22:41:00,2025-10-09 22:41:00
2025-10-09 22:41:05,2025-10-09 22:41:05
2025-10-09 22:41:10,2025-10-09 22:41:10
2025-10-09 22:41:15,2025-10-09 22:41:15
2025-10-09 22:41:20,2025-10-09 22:41:20
2025-10-09 22:41:25,2025-10-09 22:41:25
2025-10-09 22:41:30,2025-10-09 22:41:30
2025-10-09 22:41:36,2025-10-09 22:41:35
2025-10-09 22:41:41,2025-10-09 22:41:40
2025-10-09 22:41:46,2025-10-09 22:41:46
2025-10-09 22:41:51,2025-10-09 22:41:51
2025-10-09 22:41:56,2025-10-09 22:41:56
2025-10-09 22:42:01,2025-10-09 22:42:01
2025-10-09 22:42:06,2025-10-09 22:42:06
2025-10-09 22:42:11,2025-10-09 22:42:11
2025-10-09 22:42:16,2025-10-09 22:42:16
2025-10-09 22:42:21,2025-10-09 22:42:21
2025-10-09 22:42:26,2025-10-09 22:42:26
2025-10-09 22:42:31,2025-10-09 22:42:31
2025-10-09 22:42:37,2025-10-09 22:42:36
2025-10-09 22:42:42,2025-10-09 22:42:42
2025-10-09 22:42:47,2025-10-09 22:42:47
2025-10-09 22:42:52,2025-10-09 22:42:52
2025-10-09 22:42:57,2025-10-09 22:42:57
2025-10-09 22:43:02,2025-10-09 22:43:02
2025-10-09 22:43:07,2025-10-09 22:43:07
2025-10-09 22:43:12,2025-10-09 22:43:12
2025-10-09 22:43:17,2025-10-09 22:43:17
2025-10-09 22:43:22,2025-10-09 22:43:22
2025-10-09 22:43:27,2025-10-09 22:43:27
2025-10-09 22:43:33,2025-10-09 22:43:32
2025-10-09 22:43:38,2025-10-09 22:43:38
2025-10-09 22:43:43,2025-10-09 22:43:43
2025-10-09 22:43:48,2025-10-09 22:43:48
2025-10-09 22:43:53,2025-10-09 22:43:53
2025-10-09 22:43:58,2025-10-09 22:43:58
2025-10-09 22:44:03,2025-10-09 22:44:03
2025-10-09 22:44:08,2025-10-09 22:44:08
2025-10-09 22:44:13,2025-10-09 22:44:13
2025-10-09 22:44:18,2025-10-09 22:44:18
2025-10-09 22:44:23,2025-10-09 22:44:23
2025-10-09 22:44:29,2025-10-09 22:44:28
2025-10-09 22:44:34,2025-10-09 22:44:34
2025-10-09 22:44:39,2025-10-09 22:44:39
2025-10-09 22:44:44,2025-10-09 22:44:44
2025-10-09 22:44:49,2025-10-09 22:44:49
2025-10-09 22:44:54,2025-10-09 22:44:54
2025-10-09 22:44:59,2025-10-09 22:44:59
2025-10-09 22:45:04,2025-10-09 22:45:04
2025-10-09 22:45:09,2025-10-09 22:45:09
2025-10-09 22:45:14,2025-10-09 22:45:14
2025-10-09 22:45:19,2025-10-09 22:45:19
2025-10-09 22:45:25,2025-10-09 22:45:24
2025-10-09 22:45:30,2025-10-09 22:45:30
2025-10-09 22:45:35,2025-10-09 22:45:35
2025-10-09 22:45:40,2025-10-09 22:45:40
2025-10-09 22:45:45,2025-10-09 22:45:45
2025-10-09 22:45:50,2025-10-09 22:45:50
2025-10-09 22:45:55,2025-10-09 22:45:55
2025-10-09 22:46:00,2025-10-09 22:46:00
2025-10-09 22:46:05,2025-10-09 22:46:05
2025-10-09 22:46:10,2025-10-09 22:46:10
2025-10-09 22:46:15,2025-10-09 22:46:15
2025-10-09 22:46:21,2025-10-09 22:46:20
2025-10-09 22:46:26,2025-10-09 22:46:26
2025-10-09 22:46:31,2025-10-09 22:46:31
2025-10-09 22:46:36,2025-10-09 22:46:36
2025-10-09 22:46:41,2025-10-09 22:46:41
2025-10-09 22:46:46,2025-10-09 22:46:46
2025-10-09 22:46:51,2025-10-09 22:46:51
2025-10-09 22:46:56,2025-10-09 22:46:56
2025-10-09 22:47:01,2025-10-09 22:47:01
2025-10-09 22:47:06,2025-10-09 22:47:06
2025-10-09 22:47:11,2025-10-09 22:47:11
2025-10-09 22:47:16,2025-10-09 22:47:16
2025-10-09 22:47:22,2025-10-09 22:47:22
2025-10-09 22:47:27,2025-10-09 22:47:27
2025-10-09 22:47:32,2025-10-09 22:47:32
2025-10-09 22:47:37,2025-10-09 22:47:37
2025-10-09 22:47:42,2025-10-09 22:47:42
2025-10-09 22:47:47,2025-10-09 22:47:47
2025-10-09 22:47:52,2025-10-09 22:47:52
2025-10-09 22:47:57,2025-10-09 22:47:57
2025-10-09 22:48:02,2025-10-09 22:48:02
2025-10-09 22:48:07,2025-10-09 22:48:07
2025-10-09 22:48:12,2025-10-09 22:48:12
2025-10-09 22:48:18,2025-10-09 22:48:18
2025-10-09 22:48:23,2025-10-09 22:48:23
2025-10-09 22:48:28,2025-10-09 22:48:28
2025-10-09 22:48:33,2025-10-09 22:48:33
2025-10-09 22:48:38,2025-10-09 22:48:38
2025-10-09 22:48:43,2025-10-09 22:48:43
2025-10-09 22:48:48,2025-10-09 22:48:48
2025-10-09 22:48:53,2025-10-09 22:48:53
2025-10-09 22:48:58,2025-10-09 22:48:58
2025-10-09 22:49:03,2025-10-09 22:49:03
2025-10-09 22:49:08,2025-10-09 22:49:08
2025-10-09 22:49:14,2025-10-09 22:49:13
2025-10-09 22:49:19,2025-10-09 22:49:19
2025-10-09 22:49:24,2025-10-09 22:49:24
2025-10-09 22:49:29,2025-10-09 22:49:29
2025-10-09 22:49:34,2025-10-09 22:49:34
2025-10-09 22:49:39,2025-10-09 22:49:39
2025-10-09 22:49:44,2025-10-09 22:49:44
2025-10-09 22:49:49,2025-10-09 22:49:49
2025-10-09 22:49:54,2025-10-09 22:49:54
2025-10-09 22:49:59,2025-10-09 22:49:59
2025-10-09 22:50:04,2025-10-09 22:50:04
2025-10-09 22:50:10,2025-10-09 22:50:09
2025-10-09 22:50:15,2025-10-09 22:50:15
2025-10-09 22:50:20,2025-10-09 22:50:20
2025-10-09 22:50:25,2025-10-09 22:50:25
2025-10-09 22:50:30,2025-10-09 22:50:30
2025-10-09 22:50:35,2025-10-09 22:50:35
2025-10-09 22:50:40,2025-10-09 22:50:40
2025-10-09 22:50:45,2025-10-09 22:50:45
2025-10-09 22:50:50,2025-10-09 22:50:50
2025-10-09 22:50:55,2025-10-09 22:50:55
2025-10-09 22:51:00,2025-10-09 22:51:00
2025-10-09 22:51:06,2025-10-09 22:51:05
2025-10-09 22:51:11,2025-10-09 22:51:11
2025-10-09 22:51:16,2025-10-09 22:51:16
2025-10-09 22:51:21,2025-10-09 22:51:21
2025-10-09 22:51:26,2025-10-09 22:51:26
2025-10-09 22:51:31,2025-10-09 22:51:31
2025-10-09 22:51:36,2025-10-09 22:51:36
2025-10-09 22:51:41,2025-10-09 22:51:41
2025-10-09 22:51:46,2025-10-09 22:51:46
2025-10-09 22:51:51,2025-10-09 22:51:51
2025-10-09 22:51:56,2025-10-09 22:51:56
2025-10-09 22:52:02,2025-10-09 22:52:01
2025-10-09 22:52:07,2025-10-09 22:52:07
2025-10-09 22:52:12,2025-10-09 22:52:12
2025-10-09 22:52:17,2025-10-09 22:52:17
2025-10-09 22:52:22,2025-10-09 22:52:22
2025-10-09 22:52:27,2025-10-09 22:52:27
2025-10-09 22:52:32,2025-10-09 22:52:32
2025-10-09 22:52:37,2025-10-09 22:52:37
2025-10-09 22:52:42,2025-10-09 22:52:42
2025-10-09 22:52:47,2025-10-09 22:52:47
2025-10-09 22:52:52,2025-10-09 22:52:52
2025-10-09 22:52:58,2025-10-09 22:52:57
2025-10-09 22:53:03,2025-10-09 22:53:03
2025-10-09 22:53:08,2025-10-09 22:53:08
2025-10-09 22:53:13,2025-10-09 22:53:13
2025-10-09 22:53:18,2025-10-09 22:53:18
2025-10-09 22:53:23,2025-10-09 22:53:23
2025-10-09 22:53:28,2025-10-09 22:53:28
2025-10-09 22:53:33,2025-10-09 22:53:33
2025-10-09 22:53:38,2025-10-09 22:53:38
2025-10-09 22:53:43,2025-10-09 22:53:43
2025-10-09 22:53:48,2025-10-09 22:53:48
2025-10-09 22:53:54,2025-10-09 22:53:53
2025-10-09 22:53:59,2025-10-09 22:53:59
2025-10-09 22:54:04,2025-10-09 22:54:04
2025-10-09 22:54:09,2025-10-09 22:54:09
2025-10-09 22:54:14,2025-10-09 22:54:14
2025-10-09 22:54:19,2025-10-09 22:54:19
2025-10-09 22:54:24,2025-10-09 22:54:24
2025-10-09 22:54:29,2025-10-09 22:54:29
2025-10-09 22:54:34,2025-10-09 22:54:34
2025-10-09 22:54:39,2025-10-09 22:54:39
2025-10-09 22:54:44,2025-10-09 22:54:44
2025-10-09 22:54:49,2025-10-09 22:54:49
2025-10-09 22:54:55,2025-10-09 22:54:55
2025-10-09 22:55:00,2025-10-09 22:55:00
2025-10-09 22:55:05,2025-10-09 22:55:05
2025-10-09 22:55:10,2025-10-09 22:55:10
2025-10-09 22:55:15,2025-10-09 22:55:15
2025-10-09 22:55:20,2025-10-09 22:55:20
2025-10-09 22:55:25,2025-10-09 22:55:25
2025-10-09 22:55:30,2025-10-09 22:55:30
2025-10-09 22:55:35,2025-10-09 22:55:35
2025-10-09 22:55:40,2025-10-09 22:55:40
2025-10-09 22:55:45,2025-10-09 22:55:45
2025-10-09 22:55:51,2025-10-09 22:55:51
2025-10-09 22:55:56,2025-10-09 22:55:56
2025-10-09 22:56:01,2025-10-09 22:56:01
2025-10-09 22:56:06,2025-10-09 22:56:06
2025-10-09 22:56:11,2025-10-09 22:56:11
2025-10-09 22:56:16,2025-10-09 22:56:16
2025-10-09 22:56:21,2025-10-09 22:56:21
2025-10-09 22:56:26,2025-10-09 22:56:26
2025-10-09 22:56:31,2025-10-09 22:56:31
2025-10-09 22:56:36,2025-10-09 22:56:36
2025-10-09 22:56:41,2025-10-09 22:56:41
2025-10-09 22:56:47,2025-10-09 22:56:46
2025-10-09 22:56:52,2025-10-09 22:56:51
2025-10-09 22:56:57,2025-10-09 22:56:57
2025-10-09 22:57:02,2025-10-09 22:57:02
2025-10-09 22:57:07,2025-10-09 22:57:07
2025-10-09 22:57:12,2025-10-09 22:57:12
2025-10-09 22:57:17,2025-10-09 22:57:17
2025-10-09 22:57:22,2025-10-09 22:57:22
2025-10-09 22:57:27,2025-10-09 22:57:27
2025-10-09 22:57:32,2025-10-09 22:57:32
2025-10-09 22:57:37,2025-10-09 22:57:37
2025-10-09 22:57:43,2025-10-09 22:57:42
2025-10-09 22:57:48,2025-10-09 22:57:47
2025-10-09 22:57:53,2025-10-09 22:57:53
2025-10-09 22:57:58,2025-10-09 22:57:58
2025-10-09 22:58:03,2025-10-09 22:58:03
2025-10-09 22:58:08,2025-10-09 22:58:08
2025-10-09 22:58:13,2025-10-09 22:58:13
2025-10-09 22:58:18,2025-10-09 22:58:18
2025-10-09 22:58:23,2025-10-09 22:58:23
2025-10-09 22:58:28,2025-10-09 22:58:28
2025-10-09 22:58:33,2025-10-09 22:58:33
2025-10-09 22:58:39,2025-10-09 22:58:38
2025-10-09 22:58:44,2025-10-09 22:58:43
2025-10-09 22:58:49,2025-10-09 22:58:49
2025-10-09 22:58:54,2025-10-09 22:58:54
2025-10-09 22:58:59,2025-10-09 22:58:59
2025-10-09 22:59:04,2025-10-09 22:59:04
2025-10-09 22:59:09,2025-10-09 22:59:09
2025-10-09 22:59:14,2025-10-09 22:59:14
2025-10-09 22:59:19,2025-10-09 22:59:19
2025-10-09 22:59:24,2025-10-09 22:59:24
2025-10-09 22:59:29,2025-10-09 22:59:29
2025-10-09 22:59:35,2025-10-09 22:59:34
2025-10-09 22:59:40,2025-10-09 22:59:39
2025-10-09 22:59:45,2025-10-09 22:59:45
2025-10-09 22:59:50,2025-10-09 22:59:50
2025-10-09 22:59:55,2025-10-09 22:59:55
2025-10-09 23:00:00,2025-10-09 23:00:00
2025-10-09 23:00:05,2025-10-09 23:00:05
2025-10-09 23:00:10,2025-10-09 23:00:10
2025-10-09 23:00:15,2025-10-09 23:00:15
2025-10-09 23:00:20,2025-10-09 23:00:20
2025-10-09 23:00:25,2025-10-09 23:00:25
2025-10-09 23:00:31,2025-10-09 23:00:30
2025-10-09 23:00:36,2025-10-09 23:00:35
2025-10-09 23:00:41,2025-10-09 23:00:41
2025-10-09 23:00:46,2025-10-09 23:00:46
2025-10-09 23:00:51,2025-10-09 23:00:51
2025-10-09 23:00:56,2025-10-09 23:00:56
2025-10-09 23:01:01,2025-10-09 23:01:01
2025-10-09 23:01:06,2025-10-09 23:01:06
2025-10-09 23:01:11,2025-10-09 23:01:11
2025-10-09 23:01:16,2025-10-09 23:01:16
2025-10-09 23:01:21,2025-10-09 23:01:21
2025-10-09 23:01:27,2025-10-09 23:01:26
2025-10-09 23:01:32,2025-10-09 23:01:31
2025-10-09 23:01:37,2025-10-09 23:01:37
2025-10-09 23:01:42,2025-10-09 23:01:42
2025-10-09 23:01:47,2025-10-09 23:01:47
2025-10-09 23:01:52,2025-10-09 23:01:52
2025-10-09 23:01:57,2025-10-09 23:01:57
2025-10-09 23:02:02,2025-10-09 23:02:02
2025-10-09 23:02:07,2025-10-09 23:02:07
2025-10-09 23:02:12,2025-10-09 23:02:12
2025-10-09 23:02:17,2025-10-09 23:02:17
2025-10-09 23:02:22,2025-10-09 23:02:22
2025-10-09 23:02:28,2025-10-09 23:02:27
2025-10-09 23:02:33,2025-10-09 23:02:33
2025-10-09 23:02:38,2025-10-09 23:02:38
2025-10-09 23:02:43,2025-10-09 23:02:43
2025-10-09 23:02:48,2025-10-09 23:02:48
2025-10-09 23:02:53,2025-10-09 23:02:53
2025-10-09 23:02:58,2025-10-09 23:02:58
2025-10-09 23:03:03,2025-10-09 23:03:03
2025-10-09 23:03:08,2025-10-09 23:03:08
2025-10-09 23:03:13,2025-10-09 23:03:13
2025-10-09 23:03:18,2025-10-09 23:03:18
2025-10-09 23:03:24,2025-10-09 23:03:23
2025-10-09 23:03:29,2025-10-09 23:03:29
2025-10-09 23:03:34,2025-10-09 23:03:34
2025-10-09 23:03:39,2025-10-09 23:03:39
2025-10-09 23:03:44,2025-10-09 23:03:44
2025-10-09 23:03:49,2025-10-09 23:03:49
2025-10-09 23:03:54,2025-10-09 23:03:54
2025-10-09 23:03:59,2025-10-09 23:03:59
2025-10-09 23:04:04,2025-10-09 23:04:04
2025-10-09 23:04:09,2025-10-09 23:04:09
2025-10-09 23:04:14,2025-10-09 23:04:14
2025-10-09 23:04:20,2025-10-09 23:04:19
2025-10-09 23:04:25,2025-10-09 23:04:25
2025-10-09 23:04:30,2025-10-09 23:04:30
2025-10-09 23:04:35,2025-10-09 23:04:35
2025-10-09 23:04:40,2025-10-09 23:04:40
2025-10-09 23:04:45,2025-10-09 23:04:45
2025-10-09 23:04:50,2025-10-09 23:04:50
2025-10-09 23:04:55,2025-10-09 23:04:55
2025-10-09 23:05:00,2025-10-09 23:05:00
2025-10-09 23:05:05,2025-10-09 23:05:05
2025-10-09 23:05:10,2025-10-09 23:05:10
2025-10-09 23:05:16,2025-10-09 23:05:15
2025-10-09 23:05:21,2025-10-09 23:05:20
2025-10-09 23:05:26,2025-10-09 23:05:26
2025-10-09 23:05:31,2025-10-09 23:05:31
2025-10-09 23:05:36,2025-10-09 23:05:36
2025-10-09 23:05:41,2025-10-09 23:05:41
2025-10-09 23:05:46,2025-10-09 23:05:46
2025-10-09 23:05:51,2025-10-09 23:05:51
2025-10-09 23:05:56,2025-10-09 23:05:56
2025-10-09 23:06:01,2025-10-09 23:06:01
2025-10-09 23:06:06,2025-10-09 23:06:06
2025-10-09 23:06:12,2025-10-09 23:06:11
2025-10-09 23:06:17,2025-10-09 23:06:16
2025-10-09 23:06:22,2025-10-09 23:06:22
2025-10-09 23:06:27,2025-10-09 23:06:27
2025-10-09 23:06:32,2025-10-09 23:06:32
2025-10-09 23:06:37,2025-10-09 23:06:37
2025-10-09 23:06:42,2025-10-09 23:06:42
2025-10-09 23:06:47,2025-10-09 23:06:47
2025-10-09 23:06:52,2025-10-09 23:06:52
2025-10-09 23:06:57,2025-10-09 23:06:57
2025-10-09 23:07:02,2025-10-09 23:07:02
2025-10-09 23:07:08,2025-10-09 23:07:07
2025-10-09 23:07:13,2025-10-09 23:07:12
2025-10-09 23:07:18,2025-10-09 23:07:18
2025-10-09 23:07:23,2025-10-09 23:07:23
2025-10-09 23:07:28,2025-10-09 23:07:28
2025-10-09 23:07:33,2025-10-09 23:07:33
2025-10-09 23:07:38,2025-10-09 23:07:38
2025-10-09 23:07:43,2025-10-09 23:07:43
2025-10-09 23:07:48,2025-10-09 23:07:48
2025-10-09 23:07:53,2025-10-09 23:07:53
2025-10-09 23:07:58,2025-10-09 23:07:58
2025-10-09 23:08:04,2025-10-09 23:08:03
2025-10-09 23:08:09,2025-10-09 23:08:08
2025-10-09 23:08:14,2025-10-09 23:08:14
2025-10-09 23:08:19,2025-10-09 23:08:19
2025-10-09 23:08:24,2025-10-09 23:08:24
2025-10-09 23:08:29,2025-10-09 23:08:29
2025-10-09 23:08:34,2025-10-09 23:08:34
2025-10-09 23:08:39,2025-10-09 23:08:39
2025-10-09 23:08:44,2025-10-09 23:08:44
2025-10-09 23:08:49,2025-10-09 23:08:49
2025-10-09 23:08:54,2025-10-09 23:08:54
2025-10-09 23:09:00,2025-10-09 23:08:59
2025-10-09 23:09:05,2025-10-09 23:09:04
2025-10-09 23:09:10,2025-10-09 23:09:10
2025-10-09 23:09:15,2025-10-09 23:09:15
2025-10-09 23:09:20,2025-10-09 23:09:20
2025-10-09 23:09:25,2025-10-09 23:09:25
2025-10-09 23:09:30,2025-10-09 23:09:30
2025-10-09 23:09:35,2025-10-09 23:09:35
2025-10-09 23:09:40,2025-10-09 23:09:40
2025-10-09 23:09:45,2025-10-09 23:09:45
2025-10-09 23:09:50,2025-10-09 23:09:50
2025-10-09 23:09:55,2025-10-09 23:09:55
2025-10-09 23:10:01,2025-10-09 23:10:00
2025-10-09 23:10:06,2025-10-09 23:10:06
2025-10-09 23:10:11,2025-10-09 23:10:11
2025-10-09 23:10:16,2025-10-09 23:10:16
2025-10-09 23:10:21,2025-10-09 23:10:21
2025-10-09 23:10:26,2025-10-09 23:10:26
2025-10-09 23:10:31,2025-10-09 23:10:31
2025-10-09 23:10:36,2025-10-09 23:10:36
2025-10-09 23:10:41,2025-10-09 23:10:41
2025-10-09 23:10:46,2025-10-09 23:10:46
2025-10-09 23:10:51,2025-10-09 23:10:51
2025-10-09 23:10:57,2025-10-09 23:10:56
2025-10-09 23:11:02,2025-10-09 23:11:02
2025-10-09 23:11:07,2025-10-09 23:11:07
2025-10-09 23:11:12,2025-10-09 23:11:12
2025-10-09 23:11:17,2025-10-09 23:11:17
2025-10-09 23:11:22,2025-10-09 23:11:22
2025-10-09 23:11:27,2025-10-09 23:11:27
2025-10-09 23:11:32,2025-10-09 23:11:32
2025-10-09 23:11:37,2025-10-09 23:11:37
2025-10-09 23:11:42,2025-10-09 23:11:42
2025-10-09 23:11:47,2025-10-09 23:11:47
2025-10-09 23:11:53,2025-10-09 23:11:52
2025-10-09 23:11:58,2025-10-09 23:11:58
2025-10-09 23:12:03,2025-10-09 23:12:03
2025-10-09 23:12:08,2025-10-09 23:12:08
2025-10-09 23:12:13,2025-10-09 23:12:13
2025-10-09 23:12:18,2025-10-09 23:12:18
2025-10-09 23:12:23,2025-10-09 23:12:23
2025-10-09 23:12:28,2025-10-09 23:12:28
2025-10-09 23:12:33,2025-10-09 23:12:33
2025-10-09 23:12:38,2025-10-09 23:12:38
2025-10-09 23:12:43,2025-10-09 23:12:43
2025-10-09 23:12:49,2025-10-09 23:12:48
2025-10-09 23:12:54,2025-10-09 23:12:54
2025-10-09 23:12:59,2025-10-09 23:12:59
2025-10-09 23:13:04,2025-10-09 23:13:04
2025-10-09 23:13:09,2025-10-09 23:13:09
2025-10-09 23:13:14,2025-10-09 23:13:14
2025-10-09 23:13:19,2025-10-09 23:13:19
2025-10-09 23:13:24,2025-10-09 23:13:24
2025-10-09 23:13:29,2025-10-09 23:13:29
2025-10-09 23:13:34,2025-10-09 23:13:34
2025-10-09 23:13:39,2025-10-09 23:13:39
2025-10-09 23:13:45,2025-10-09 23:13:44
2025-10-09 23:13:50,2025-10-09 23:13:49
2025-10-09 23:13:55,2025-10-09 23:13:55
2025-10-09 23:14:00,2025-10-09 23:14:00
2025-10-09 23:14:05,2025-10-09 23:14:05
2025-10-09 23:14:10,2025-10-09 23:14:10
2025-10-09 23:14:15,2025-10-09 23:14:15
2025-10-09 23:14:20,2025-10-09 23:14:20
2025-10-09 23:14:25,2025-10-09 23:14:25
2025-10-09 23:14:30,2025-10-09 23:14:30
2025-10-09 23:14:35,2025-10-09 23:14:35
2025-10-09 23:14:41,2025-10-09 23:14:40
2025-10-09 23:14:46,2025-10-09 23:14:45
2025-10-09 23:14:51,2025-10-09 23:14:51
2025-10-09 23:14:56,2025-10-09 23:14:56
2025-10-09 23:15:01,2025-10-09 23:15:01
2025-10-09 23:15:06,2025-10-09 23:15:06
2025-10-09 23:15:11,2025-10-09 23:15:11
2025-10-09 23:15:16,2025-10-09 23:15:16
2025-10-09 23:15:21,2025-10-09 23:15:21
2025-10-09 23:15:26,2025-10-09 23:15:26
2025-10-09 23:15:31,2025-10-09 23:15:31
2025-10-09 23:15:37,2025-10-09 23:15:36
2025-10-09 23:15:42,2025-10-09 23:15:41
2025-10-09 23:15:47,2025-10-09 23:15:47
2025-10-09 23:15:52,2025-10-09 23:15:52
2025-10-09 23:15:57,2025-10-09 23:15:57
2025-10-09 23:16:02,2025-10-09 23:16:02
2025-10-09 23:16:07,2025-10-09 23:16:07
2025-10-09 23:16:12,2025-10-09 23:16:12
2025-10-09 23:16:17,2025-10-09 23:16:17
2025-10-09 23:16:22,2025-10-09 23:16:22
2025-10-09 23:16:27,2025-10-09 23:16:27
2025-10-09 23:16:32,2025-10-09 23:16:32
2025-10-09 23:16:38,2025-10-09 23:16:37
2025-10-09 23:16:43,2025-10-09 23:16:43
2025-10-09 23:16:48,2025-10-09 23:16:48
2025-10-09 23:16:53,2025-10-09 23:16:53
2025-10-09 23:16:58,2025-10-09 23:16:58
2025-10-09 23:17:03,2025-10-09 23:17:03
2025-10-09 23:17:08,2025-10-09 23:17:08
2025-10-09 23:17:13,2025-10-09 23:17:13
2025-10-09 23:17:18,2025-10-09 23:17:18
2025-10-09 23:17:23,2025-10-09 23:17:23
2025-10-09 23:17:28,2025-10-09 23:17:28
2025-10-09 23:17:34,2025-10-09 23:17:33
2025-10-09 23:17:39,2025-10-09 23:17:39
2025-10-09 23:17:44,2025-10-09 23:17:44
2025-10-09 23:17:49,2025-10-09 23:17:49
2025-10-09 23:17:54,2025-10-09 23:17:54
2025-10-09 23:17:59,2025-10-09 23:17:59
2025-10-09 23:18:04,2025-10-09 23:18:04
2025-10-09 23:18:09,2025-10-09 23:18:09
2025-10-09 23:18:14,2025-10-09 23:18:14
2025-10-09 23:18:19,2025-10-09 23:18:19
2025-10-09 23:18:25,2025-10-09 23:18:24
2025-10-09 23:18:30,2025-10-09 23:18:29
2025-10-09 23:18:35,2025-10-09 23:18:35
2025-10-09 23:18:40,2025-10-09 23:18:40
2025-10-09 23:18:45,2025-10-09 23:18:45
2025-10-09 23:18:50,2025-10-09 23:18:50
2025-10-09 23:18:55,2025-10-09 23:18:55
2025-10-09 23:19:00,2025-10-09 23:19:00
2025-10-09 23:19:05,2025-10-09 23:19:05
2025-10-09 23:19:10,2025-10-09 23:19:10
2025-10-09 23:19:15,2025-10-09 23:19:15
2025-10-09 23:19:20,2025-10-09 23:19:20
2025-10-09 23:19:26,2025-10-09 23:19:25
2025-10-09 23:19:31,2025-10-09 23:19:31
2025-10-09 23:19:36,2025-10-09 23:19:36
2025-10-09 23:19:41,2025-10-09 23:19:41
2025-10-09 23:19:46,2025-10-09 23:19:46
2025-10-09 23:19:51,2025-10-09 23:19:51
2025-10-09 23:19:56,2025-10-09 23:19:56
2025-10-09 23:20:01,2025-10-09 23:20:01
2025-10-09 23:20:06,2025-10-09 23:20:06
2025-10-09 23:20:11,2025-10-09 23:20:11
2025-10-09 23:20:16,2025-10-09 23:20:16
2025-10-09 23:20:22,2025-10-09 23:20:21
2025-10-09 23:20:27,2025-10-09 23:20:27
2025-10-09 23:20:32,2025-10-09 23:20:32
2025-10-09 23:20:37,2025-10-09 23:20:37
2025-10-09 23:20:42,2025-10-09 23:20:42
2025-10-09 23:20:47,2025-10-09 23:20:47
2025-10-09 23:20:52,2025-10-09 23:20:52
2025-10-09 23:20:57,2025-10-09 23:20:57
2025-10-09 23:21:02,2025-10-09 23:21:02
2025-10-09 23:21:07,2025-10-09 23:21:07
2025-10-09 23:21:12,2025-10-09 23:21:12
2025-10-09 23:21:18,2025-10-09 23:21:17
2025-10-09 23:21:23,2025-10-09 23:21:23
2025-10-09 23:21:28,2025-10-09 23:21:28
2025-10-09 23:21:33,2025-10-09 23:21:33
2025-10-09 23:21:38,2025-10-09 23:21:38
2025-10-09 23:21:43,2025-10-09 23:21:43
2025-10-09 23:21:48,2025-10-09 23:21:48
2025-10-09 23:21:53,2025-10-09 23:21:53
2025-10-09 23:21:58,2025-10-09 23:21:58
2025-10-09 23:22:03,2025-10-09 23:22:03
2025-10-09 23:22:08,2025-10-09 23:22:08
2025-10-09 23:22:14,2025-10-09 23:22:13
2025-10-09 23:22:19,2025-10-09 23:22:18
2025-10-09 23:22:24,2025-10-09 23:22:24
2025-10-09 23:22:29,2025-10-09 23:22:29
2025-10-09 23:22:34,2025-10-09 23:22:34
2025-10-09 23:22:39,2025-10-09 23:22:39
2025-10-09 23:22:44,2025-10-09 23:22:44
2025-10-09 23:22:49,2025-10-09 23:22:49
2025-10-09 23:22:54,2025-10-09 23:22:54
2025-10-09 23:22:59,2025-10-09 23:22:59
2025-10-09 23:23:04,2025-10-09 23:23:04
2025-10-09 23:23:10,2025-10-09 23:23:09
2025-10-09 23:23:15,2025-10-09 23:23:14
2025-10-09 23:23:20,2025-10-09 23:23:20
2025-10-09 23:23:25,2025-10-09 23:23:25
2025-10-09 23:23:30,2025-10-09 23:23:30
2025-10-09 23:23:35,2025-10-09 23:23:35
2025-10-09 23:23:40,2025-10-09 23:23:40
2025-10-09 23:23:45,2025-10-09 23:23:45
2025-10-09 23:23:50,2025-10-09 23:23:50
2025-10-09 23:23:55,2025-10-09 23:23:55
2025-10-09 23:24:00,2025-10-09 23:24:00
2025-10-09 23:24:05,2025-10-09 23:24:05
2025-10-09 23:24:11,2025-10-09 23:24:10
2025-10-09 23:24:16,2025-10-09 23:24:16
2025-10-09 23:24:21,2025-10-09 23:24:21
2025-10-09 23:24:26,2025-10-09 23:24:26
2025-10-09 23:24:31,2025-10-09 23:24:31
2025-10-09 23:24:36,2025-10-09 23:24:36
2025-10-09 23:24:41,2025-10-09 23:24:41
2025-10-09 23:24:46,2025-10-09 23:24:46
2025-10-09 23:24:51,2025-10-09 23:24:51
2025-10-09 23:24:53,2025-10-09 23:24:51
2025-10-09 23:24:56,2025-10-09 23:24:56
2025-10-09 23:25:01,2025-10-09 23:25:01
2025-10-09 23:25:07,2025-10-09 23:25:06
2025-10-09 23:25:12,2025-10-09 23:25:12
2025-10-09 23:25:17,2025-10-09 23:25:17
2025-10-09 23:25:22,2025-10-09 23:25:22
2025-10-09 23:25:27,2025-10-09 23:25:27
2025-10-09 23:25:32,2025-10-09 23:25:32
2025-10-09 23:25:37,2025-10-09 23:25:37
2025-10-09 23:25:42,2025-10-09 23:25:42
2025-10-09 23:25:47,2025-10-09 23:25:47
2025-10-09 23:25:52,2025-10-09 23:25:52
2025-10-09 23:25:57,2025-10-09 23:25:57
2025-10-09 23:26:03,2025-10-09 23:26:02
2025-10-09 23:26:08,2025-10-09 23:26:08
2025-10-09 23:26:13,2025-10-09 23:26:13
2025-10-09 23:26:18,2025-10-09 23:26:18
2025-10-09 23:26:23,2025-10-09 23:26:23
2025-10-09 23:26:28,2025-10-09 23:26:28
2025-10-09 23:26:33,2025-10-09 23:26:33
2025-10-09 23:26:38,2025-10-09 23:26:38
2025-10-09 23:26:43,2025-10-09 23:26:43
2025-10-09 23:26:48,2025-10-09 23:26:48
2025-10-09 23:26:53,2025-10-09 23:26:53
2025-10-09 23:26:59,2025-10-09 23:26:58
2025-10-09 23:27:04,2025-10-09 23:27:04
2025-10-09 23:27:09,2025-10-09 23:27:09
2025-10-09 23:27:14,2025-10-09 23:27:14
2025-10-09 23:27:19,2025-10-09 23:27:19
2025-10-09 23:27:24,2025-10-09 23:27:24
2025-10-09 23:27:29,2025-10-09 23:27:29
2025-10-09 23:27:34,2025-10-09 23:27:34
2025-10-09 23:27:39,2025-10-09 23:27:39
2025-10-09 23:27:44,2025-10-09 23:27:44
2025-10-09 23:27:49,2025-10-09 23:27:49
2025-10-09 23:27:55,2025-10-09 23:27:54
2025-10-09 23:28:00,2025-10-09 23:28:00
2025-10-09 23:28:05,2025-10-09 23:28:05
2025-10-09 23:28:10,2025-10-09 23:28:10
2025-10-09 23:28:15,2025-10-09 23:28:15
2025-10-09 23:28:20,2025-10-09 23:28:20
2025-10-09 23:28:25,2025-10-09 23:28:25
2025-10-09 23:28:30,2025-10-09 23:28:30
2025-10-09 23:28:35,2025-10-09 23:28:35
2025-10-09 23:28:40,2025-10-09 23:28:40
2025-10-09 23:28:45,2025-10-09 23:28:45
2025-10-09 23:28:51,2025-10-09 23:28:50
2025-10-09 23:28:56,2025-10-09 23:28:56
2025-10-09 23:29:01,2025-10-09 23:29:01
2025-10-09 23:29:06,2025-10-09 23:29:06
2025-10-09 23:29:11,2025-10-09 23:29:11
2025-10-09 23:29:16,2025-10-09 23:29:16
2025-10-09 23:29:21,2025-10-09 23:29:21
2025-10-09 23:29:26,2025-10-09 23:29:26
2025-10-09 23:29:31,2025-10-09 23:29:31
2025-10-09 23:29:36,2025-10-09 23:29:36
2025-10-09 23:29:41,2025-10-09 23:29:41
2025-10-09 23:29:47,2025-10-09 23:29:46
2025-10-09 23:29:52,2025-10-09 23:29:52
2025-10-09 23:29:57,2025-10-09 23:29:57
2025-10-09 23:30:02,2025-10-09 23:30:02
2025-10-09 23:30:07,2025-10-09 23:30:07
2025-10-09 23:30:12,2025-10-09 23:30:12
2025-10-09 23:30:17,2025-10-09 23:30:17
2025-10-09 23:30:22,2025-10-09 23:30:22
2025-10-09 23:30:27,2025-10-09 23:30:27
2025-10-09 23:30:32,2025-10-09 23:30:32
2025-10-09 23:30:37,2025-10-09 23:30:37
2025-10-09 23:30:43,2025-10-09 23:30:42
2025-10-09 23:30:48,2025-10-09 23:30:47
2025-10-09 23:30:53,2025-10-09 23:30:53
2025-10-09 23:30:58,2025-10-09 23:30:58
2025-10-09 23:31:03,2025-10-09 23:31:03
2025-10-09 23:31:08,2025-10-09 23:31:08
2025-10-09 23:31:13,2025-10-09 23:31:13
2025-10-09 23:31:18,2025-10-09 23:31:18
2025-10-09 23:31:23,2025-10-09 23:31:23
2025-10-09 23:31:28,2025-10-09 23:31:28
2025-10-09 23:31:33,2025-10-09 23:31:33
2025-10-09 23:31:38,2025-10-09 23:31:38
2025-10-09 23:31:44,2025-10-09 23:31:43
2025-10-09 23:31:49,2025-10-09 23:31:49
2025-10-09 23:31:54,2025-10-09 23:31:54
2025-10-09 23:31:59,2025-10-09 23:31:59
2025-10-09 23:32:04,2025-10-09 23:32:04
2025-10-09 23:32:09,2025-10-09 23:32:09
2025-10-09 23:32:14,2025-10-09 23:32:14
2025-10-09 23:32:19,2025-10-09 23:32:19
2025-10-09 23:32:24,2025-10-09 23:32:24
2025-10-09 23:32:29,2025-10-09 23:32:29
2025-10-09 23:32:34,2025-10-09 23:32:34
2025-10-09 23:32:40,2025-10-09 23:32:39
2025-10-09 23:32:45,2025-10-09 23:32:45
2025-10-09 23:32:50,2025-10-09 23:32:50
2025-10-09 23:32:55,2025-10-09 23:32:55
2025-10-09 23:33:00,2025-10-09 23:33:00
2025-10-09 23:33:05,2025-10-09 23:33:05
2025-10-09 23:33:10,2025-10-09 23:33:10
2025-10-09 23:33:15,2025-10-09 23:33:15
2025-10-09 23:33:20,2025-10-09 23:33:20
2025-10-09 23:33:25,2025-10-09 23:33:25
2025-10-09 23:33:30,2025-10-09 23:33:30
2025-10-09 23:33:36,2025-10-09 23:33:35
2025-10-09 23:33:41,2025-10-09 23:33:41
2025-10-09 23:33:46,2025-10-09 23:33:46
2025-10-09 23:33:51,2025-10-09 23:33:51
2025-10-09 23:33:56,2025-10-09 23:33:56
2025-10-09 23:34:01,2025-10-09 23:34:01
2025-10-09 23:34:06,2025-10-09 23:34:06
2025-10-09 23:34:11,2025-10-09 23:34:11
2025-10-09 23:34:16,2025-10-09 23:34:16
2025-10-09 23:34:21,2025-10-09 23:34:21
2025-10-09 23:34:26,2025-10-09 23:34:26
2025-10-09 23:34:32,2025-10-09 23:34:31
2025-10-09 23:34:37,2025-10-09 23:34:37
2025-10-09 23:34:42,2025-10-09 23:34:42
2025-10-09 23:34:47,2025-10-09 23:34:47
2025-10-09 23:34:52,2025-10-09 23:34:52
2025-10-09 23:34:57,2025-10-09 23:34:57
2025-10-09 23:35:02,2025-10-09 23:35:02
2025-10-09 23:35:07,2025-10-09 23:35:07
2025-10-09 23:35:12,2025-10-09 23:35:12
2025-10-09 23:35:17,2025-10-09 23:35:17
2025-10-09 23:35:22,2025-10-09 23:35:22
2025-10-09 23:35:28,2025-10-09 23:35:27
2025-10-09 23:35:33,2025-10-09 23:35:33
2025-10-09 23:35:38,2025-10-09 23:35:38
2025-10-09 23:35:43,2025-10-09 23:35:43
2025-10-09 23:35:48,2025-10-09 23:35:48
2025-10-09 23:35:53,2025-10-09 23:35:53
2025-10-09 23:35:58,2025-10-09 23:35:58
2025-10-09 23:36:03,2025-10-09 23:36:03
2025-10-09 23:36:08,2025-10-09 23:36:08
2025-10-09 23:36:13,2025-10-09 23:36:13
2025-10-09 23:36:18,2025-10-09 23:36:18
2025-10-09 23:36:24,2025-10-09 23:36:23
2025-10-09 23:36:29,2025-10-09 23:36:29
2025-10-09 23:36:34,2025-10-09 23:36:34
2025-10-09 23:36:39,2025-10-09 23:36:39
2025-10-09 23:36:44,2025-10-09 23:36:44
2025-10-09 23:36:49,2025-10-09 23:36:49
2025-10-09 23:36:54,2025-10-09 23:36:54
2025-10-09 23:36:59,2025-10-09 23:36:59
2025-10-09 23:37:04,2025-10-09 23:37:04
2025-10-09 23:37:09,2025-10-09 23:37:09
2025-10-09 23:37:14,2025-10-09 23:37:14
2025-10-09 23:37:20,2025-10-09 23:37:19
2025-10-09 23:37:25,2025-10-09 23:37:25
2025-10-09 23:37:30,2025-10-09 23:37:30
2025-10-09 23:37:35,2025-10-09 23:37:35
2025-10-09 23:37:40,2025-10-09 23:37:40
2025-10-09 23:37:45,2025-10-09 23:37:45
2025-10-09 23:37:50,2025-10-09 23:37:50
2025-10-09 23:37:55,2025-10-09 23:37:55
2025-10-09 23:38:00,2025-10-09 23:38:00
2025-10-09 23:38:05,2025-10-09 23:38:05
2025-10-09 23:38:10,2025-10-09 23:38:10
2025-10-09 23:38:16,2025-10-09 23:38:15
2025-10-09 23:38:21,2025-10-09 23:38:21
2025-10-09 23:38:26,2025-10-09 23:38:26
2025-10-09 23:38:31,2025-10-09 23:38:31
2025-10-09 23:38:36,2025-10-09 23:38:36
2025-10-09 23:38:41,2025-10-09 23:38:41
2025-10-09 23:38:46,2025-10-09 23:38:46
2025-10-09 23:38:51,2025-10-09 23:38:51
2025-10-09 23:38:56,2025-10-09 23:38:56
2025-10-09 23:39:01,2025-10-09 23:39:01
2025-10-09 23:39:06,2025-10-09 23:39:06
2025-10-09 23:39:11,2025-10-09 23:39:11
2025-10-09 23:39:17,2025-10-09 23:39:16
2025-10-09 23:39:22,2025-10-09 23:39:22
2025-10-09 23:39:27,2025-10-09 23:39:27
2025-10-09 23:39:32,2025-10-09 23:39:32
2025-10-09 23:39:37,2025-10-09 23:39:37
2025-10-09 23:39:42,2025-10-09 23:39:42
2025-10-09 23:39:47,2025-10-09 23:39:47
2025-10-09 23:39:52,2025-10-09 23:39:52
2025-10-09 23:39:57,2025-10-09 23:39:57
2025-10-09 23:40:02,2025-10-09 23:40:02
2025-10-09 23:40:07,2025-10-09 23:40:07
2025-10-09 23:40:13,2025-10-09 23:40:12
2025-10-09 23:40:18,2025-10-09 23:40:18
2025-10-09 23:40:23,2025-10-09 23:40:23
2025-10-09 23:40:28,2025-10-09 23:40:28
2025-10-09 23:40:33,2025-10-09 23:40:33
2025-10-09 23:40:38,2025-10-09 23:40:38
2025-10-09 23:40:43,2025-10-09 23:40:43
2025-10-09 23:40:48,2025-10-09 23:40:48
2025-10-09 23:40:53,2025-10-09 23:40:53
2025-10-09 23:40:58,2025-10-09 23:40:58
2025-10-09 23:41:03,2025-10-09 23:41:03
2025-10-09 23:41:09,2025-10-09 23:41:08
2025-10-09 23:41:14,2025-10-09 23:41:14
2025-10-09 23:41:19,2025-10-09 23:41:19
2025-10-09 23:41:24,2025-10-09 23:41:24
2025-10-09 23:41:29,2025-10-09 23:41:29
2025-10-09 23:41:34,2025-10-09 23:41:34
2025-10-09 23:41:39,2025-10-09 23:41:39
2025-10-09 23:41:44,2025-10-09 23:41:44
2025-10-09 23:41:49,2025-10-09 23:41:49
2025-10-09 23:41:54,2025-10-09 23:41:54
2025-10-09 23:41:59,2025-10-09 23:41:59
2025-10-09 23:42:05,2025-10-09 23:42:04
2025-10-09 23:42:10,2025-10-09 23:42:10
2025-10-09 23:42:15,2025-10-09 23:42:15
2025-10-09 23:42:20,2025-10-09 23:42:20
2025-10-09 23:42:25,2025-10-09 23:42:25
2025-10-09 23:42:30,2025-10-09 23:42:30
2025-10-09 23:42:35,2025-10-09 23:42:35
2025-10-09 23:42:40,2025-10-09 23:42:40
2025-10-09 23:42:45,2025-10-09 23:42:45
2025-10-09 23:42:50,2025-10-09 23:42:50
2025-10-09 23:42:55,2025-10-09 23:42:55
2025-10-09 23:43:01,2025-10-09 23:43:00
2025-10-09 23:43:06,2025-10-09 23:43:06
2025-10-09 23:43:11,2025-10-09 23:43:11
2025-10-09 23:43:16,2025-10-09 23:43:16
2025-10-09 23:43:21,2025-10-09 23:43:21
2025-10-09 23:43:26,2025-10-09 23:43:26
2025-10-09 23:43:31,2025-10-09 23:43:31
2025-10-09 23:43:36,2025-10-09 23:43:36
2025-10-09 23:43:41,2025-10-09 23:43:41
2025-10-09 23:43:46,2025-10-09 23:43:46
2025-10-09 23:43:51,2025-10-09 23:43:51
2025-10-09 23:43:57,2025-10-09 23:43:56
2025-10-09 23:44:02,2025-10-09 23:44:02
2025-10-09 23:44:07,2025-10-09 23:44:07
2025-10-09 23:44:12,2025-10-09 23:44:12
2025-10-09 23:44:17,2025-10-09 23:44:17
2025-10-09 23:44:22,2025-10-09 23:44:22
2025-10-09 23:44:27,2025-10-09 23:44:27
2025-10-09 23:44:32,2025-10-09 23:44:32
2025-10-09 23:44:37,2025-10-09 23:44:37
2025-10-09 23:44:42,2025-10-09 23:44:42
2025-10-09 23:44:47,2025-10-09 23:44:47
2025-10-09 23:44:53,2025-10-09 23:44:52
2025-10-09 23:44:58,2025-10-09 23:44:58
2025-10-09 23:45:03,2025-10-09 23:45:03
2025-10-09 23:45:08,2025-10-09 23:45:08
2025-10-09 23:45:13,2025-10-09 23:45:13
2025-10-09 23:45:18,2025-10-09 23:45:18
2025-10-09 23:45:23,2025-10-09 23:45:23
2025-10-09 23:45:28,2025-10-09 23:45:28
2025-10-09 23:45:33,2025-10-09 23:45:33
2025-10-09 23:45:38,2025-10-09 23:45:38
2025-10-09 23:45:43,2025-10-09 23:45:43
2025-10-09 23:45:49,2025-10-09 23:45:48
2025-10-09 23:45:54,2025-10-09 23:45:54
2025-10-09 23:45:59,2025-10-09 23:45:59
2025-10-09 23:46:04,2025-10-09 23:46:04
2025-10-09 23:46:09,2025-10-09 23:46:09
2025-10-09 23:46:14,2025-10-09 23:46:14
2025-10-09 23:46:19,2025-10-09 23:46:19
2025-10-09 23:46:24,2025-10-09 23:46:24
2025-10-09 23:46:29,2025-10-09 23:46:29
2025-10-09 23:46:34,2025-10-09 23:46:34
2025-10-09 23:46:39,2025-10-09 23:46:39
2025-10-09 23:46:44,2025-10-09 23:46:44
2025-10-09 23:46:50,2025-10-09 23:46:50
2025-10-09 23:46:55,2025-10-09 23:46:55
2025-10-09 23:47:00,2025-10-09 23:47:00
2025-10-09 23:47:05,2025-10-09 23:47:05
2025-10-09 23:47:10,2025-10-09 23:47:10
2025-10-09 23:47:15,2025-10-09 23:47:15
2025-10-09 23:47:20,2025-10-09 23:47:20
2025-10-09 23:47:25,2025-10-09 23:47:25
2025-10-09 23:47:30,2025-10-09 23:47:30
2025-10-09 23:47:35,2025-10-09 23:47:35
2025-10-09 23:47:40,2025-10-09 23:47:40
2025-10-09 23:47:46,2025-10-09 23:47:45
2025-10-09 23:47:51,2025-10-09 23:47:51
2025-10-09 23:47:56,2025-10-09 23:47:56
2025-10-09 23:48:01,2025-10-09 23:48:01
2025-10-09 23:48:06,2025-10-09 23:48:06
2025-10-09 23:48:11,2025-10-09 23:48:11
2025-10-09 23:48:16,2025-10-09 23:48:16
2025-10-09 23:48:21,2025-10-09 23:48:21
2025-10-09 23:48:26,2025-10-09 23:48:26
2025-10-09 23:48:31,2025-10-09 23:48:31
2025-10-09 23:48:36,2025-10-09 23:48:36
2025-10-09 23:48:42,2025-10-09 23:48:41
2025-10-09 23:48:47,2025-10-09 23:48:47
2025-10-09 23:48:52,2025-10-09 23:48:52
2025-10-09 23:48:57,2025-10-09 23:48:57
2025-10-09 23:49:02,2025-10-09 23:49:02
2025-10-09 23:49:07,2025-10-09 23:49:07
2025-10-09 23:49:12,2025-10-09 23:49:12
2025-10-09 23:49:17,2025-10-09 23:49:17
2025-10-09 23:49:22,2025-10-09 23:49:22
2025-10-09 23:49:27,2025-10-09 23:49:27
2025-10-09 23:49:32,2025-10-09 23:49:32
2025-10-09 23:49:38,2025-10-09 23:49:37
2025-10-09 23:49:43,2025-10-09 23:49:43
2025-10-09 23:49:48,2025-10-09 23:49:48
2025-10-09 23:49:53,2025-10-09 23:49:53
2025-10-09 23:49:58,2025-10-09 23:49:58
2025-10-09 23:50:03,2025-10-09 23:50:03
2025-10-09 23:50:08,2025-10-09 23:50:08
2025-10-09 23:50:13,2025-10-09 23:50:13
2025-10-09 23:50:18,2025-10-09 23:50:18
2025-10-09 23:50:23,2025-10-09 23:50:23
2025-10-09 23:50:28,2025-10-09 23:50:28
2025-10-09 23:50:34,2025-10-09 23:50:33
2025-10-09 23:50:39,2025-10-09 23:50:39
2025-10-09 23:50:44,2025-10-09 23:50:44
2025-10-09 23:50:49,2025-10-09 23:50:49
2025-10-09 23:50:54,2025-10-09 23:50:54
2025-10-09 23:50:59,2025-10-09 23:50:59
2025-10-09 23:51:04,2025-10-09 23:51:04
2025-10-09 23:51:09,2025-10-09 23:51:09
2025-10-09 23:51:14,2025-10-09 23:51:14
2025-10-09 23:51:19,2025-10-09 23:51:19
2025-10-09 23:51:24,2025-10-09 23:51:24
2025-10-09 23:51:30,2025-10-09 23:51:29
2025-10-09 23:51:35,2025-10-09 23:51:35
2025-10-09 23:51:40,2025-10-09 23:51:40
2025-10-09 23:51:45,2025-10-09 23:51:45
2025-10-09 23:51:50,2025-10-09 23:51:50
2025-10-09 23:51:55,2025-10-09 23:51:55
2025-10-09 23:52:00,2025-10-09 23:52:00
2025-10-09 23:52:05,2025-10-09 23:52:05
2025-10-09 23:52:10,2025-10-09 23:52:10
2025-10-09 23:52:15,2025-10-09 23:52:15
2025-10-09 23:52:20,2025-10-09 23:52:20
2025-10-09 23:52:26,2025-10-09 23:52:25
2025-10-09 23:52:31,2025-10-09 23:52:31
2025-10-09 23:52:36,2025-10-09 23:52:36
2025-10-09 23:52:41,2025-10-09 23:52:41
2025-10-09 23:52:46,2025-10-09 23:52:46
2025-10-09 23:52:51,2025-10-09 23:52:51
2025-10-09 23:52:56,2025-10-09 23:52:56
2025-10-09 23:53:01,2025-10-09 23:53:01
2025-10-09 23:53:06,2025-10-09 23:53:06
2025-10-09 23:53:11,2025-10-09 23:53:11
2025-10-09 23:53:16,2025-10-09 23:53:16
2025-10-09 23:53:22,2025-10-09 23:53:21
2025-10-09 23:53:27,2025-10-09 23:53:27
2025-10-09 23:53:29,2025-10-09 23:53:27
2025-10-09 23:53:32,2025-10-09 23:53:32
2025-10-09 23:53:37,2025-10-09 23:53:37
2025-10-09 23:53:42,2025-10-09 23:53:42
2025-10-09 23:53:47,2025-10-09 23:53:47
2025-10-09 23:53:49,2025-10-09 23:53:47
2025-10-09 23:53:52,2025-10-09 23:53:52
2025-10-09 23:53:57,2025-10-09 23:53:57
2025-10-09 23:54:02,2025-10-09 23:54:02
2025-10-09 23:54:07,2025-10-09 23:54:07
2025-10-09 23:54:12,2025-10-09 23:54:12
2025-10-09 23:54:17,2025-10-09 23:54:17
2025-10-09 23:54:23,2025-10-09 23:54:23
2025-10-09 23:54:28,2025-10-09 23:54:28
2025-10-09 23:54:33,2025-10-09 23:54:33
2025-10-09 23:54:38,2025-10-09 23:54:38
2025-10-09 23:54:43,2025-10-09 23:54:43
2025-10-09 23:54:48,2025-10-09 23:54:48
2025-10-09 23:54:53,2025-10-09 23:54:53
2025-10-09 23:54:58,2025-10-09 23:54:58
2025-10-09 23:55:03,2025-10-09 23:55:03
2025-10-09 23:55:08,2025-10-09 23:55:08
2025-10-09 23:55:13,2025-10-09 23:55:13
2025-10-09 23:55:19,2025-10-09 23:55:19
2025-10-09 23:55:24,2025-10-09 23:55:24
2025-10-09 23:55:29,2025-10-09 23:55:29
2025-10-09 23:55:34,2025-10-09 23:55:34
2025-10-09 23:55:39,2025-10-09 23:55:39
2025-10-09 23:55:44,2025-10-09 23:55:44
2025-10-09 23:55:49,2025-10-09 23:55:49
2025-10-09 23:55:54,2025-10-09 23:55:54
2025-10-09 23:55:59,2025-10-09 23:55:59
2025-10-09 23:56:04,2025-10-09 23:56:04
2025-10-09 23:56:09,2025-10-09 23:56:09
2025-10-09 23:56:15,2025-10-09 23:56:14
2025-10-09 23:56:20,2025-10-09 23:56:20
2025-10-09 23:56:25,2025-10-09 23:56:25
2025-10-09 23:56:30,2025-10-09 23:56:30
2025-10-09 23:56:35,2025-10-09 23:56:35
2025-10-09 23:56:40,2025-10-09 23:56:40
2025-10-09 23:56:45,2025-10-09 23:56:45
2025-10-09 23:56:50,2025-10-09 23:56:50
2025-10-09 23:56:55,2025-10-09 23:56:55
2025-10-09 23:57:00,2025-10-09 23:57:00
2025-10-09 23:57:05,2025-10-09 23:57:05
2025-10-09 23:57:11,2025-10-09 23:57:10
2025-10-09 23:57:16,2025-10-09 23:57:15
2025-10-09 23:57:21,2025-10-09 23:57:21
2025-10-09 23:57:26,2025-10-09 23:57:26
2025-10-09 23:57:31,2025-10-09 23:57:31
2025-10-09 23:57:36,2025-10-09 23:57:36
2025-10-09 23:57:41,2025-10-09 23:57:41
2025-10-09 23:57:46,2025-10-09 23:57:46
2025-10-09 23:57:51,2025-10-09 23:57:51
2025-10-09 23:57:56,2025-10-09 23:57:56
